website,url,type,external,problem,http_status,error_type,error_details,final_url,redirect_count,redirect_category,redirect_location,redirect_chain,final_same_domain,response_time_s,slow,canonical,found_on,notes
uabusinesssolution.com,https://uabusinesssolution.com/,page,no,no,200,,,https://uabusinesssolution.com/,0,,,,yes,1.200,no,https://uabusinesssolution.com/,,
uabusinesssolution.com,https://uabusinesssolution.com/about/,page,no,no,200,,,https://uabusinesssolution.com/about/,0,,,,yes,0.692,no,https://uabusinesssolution.com/about/,https://uabusinesssolution.com/,
uabusinesssolution.com,https://uabusinesssolution.com/services/,page,no,no,200,,,https://uabusinesssolution.com/services/,0,,,,yes,1.658,no,https://uabusinesssolution.com/services/,https://uabusinesssolution.com/ | https://uabusinesssolution.com/about/,
uabusinesssolution.com,https://uabusinesssolution.com/fba-wfs/,page,no,no,200,,,https://uabusinesssolution.com/fba-wfs/,0,,,,yes,1.834,no,https://uabusinesssolution.com/fba-wfs/,https://uabusinesssolution.com/ | https://uabusinesssolution.com/about/ | https://uabusinesssolution.com/services/,
uabusinesssolution.com,https://uabusinesssolution.com/faqs/,page,no,no,200,,,https://uabusinesssolution.com/faqs/,0,,,,yes,1.060,no,https://uabusinesssolution.com/faqs/,https://uabusinesssolution.com/ | https://uabusinesssolution.com/about/ | https://uabusinesssolution.com/services/ | https://uabusinesssolution.com/fba-wfs/,
uabusinesssolution.com,https://uabusinesssolution.com/3pl-fbm/,page,no,no,200,,,https://uabusinesssolution.com/3pl-fbm/,0,,,,yes,2.624,no,https://uabusinesssolution.com/3pl-fbm/,https://uabusinesssolution.com/ | https://uabusinesssolution.com/about/ | https://uabusinesssolution.com/services/ | https://uabusinesssolution.com/fba-wfs/ | https://uabusinesssolution.com/faqs/,
uabusinesssolution.com,https://uabusinesssolution.com/blogs/,page,no,no,200,,,https://uabusinesssolution.com/blogs/,0,,,,yes,0.762,no,https://uabusinesssolution.com/blogs/,https://uabusinesssolution.com/ | https://uabusinesssolution.com/about/ | https://uabusinesssolution.com/services/ | https://uabusinesssolution.com/fba-wfs/ | https://uabusinesssolution.com/faqs/,
uabusinesssolution.com,https://uabusinesssolution.com/contact-us/,page,no,no,200,,,https://uabusinesssolution.com/contact-us/,0,,,,yes,0.848,no,https://uabusinesssolution.com/contact-us/,https://uabusinesssolution.com/ | https://uabusinesssolution.com/about/ | https://uabusinesssolution.com/services/ | https://uabusinesssolution.com/fba-wfs/ | https://uabusinesssolution.com/faqs/,
uabusinesssolution.com,https://uabusinesssolution.com/fba-wfs-prep-services-how-we-help-you-save-time-and-money/,page,no,no,200,,,https://uabusinesssolution.com/fba-wfs-prep-services-how-we-help-you-save-time-and-money/,0,,,,yes,0.768,no,https://uabusinesssolution.com/fba-wfs-prep-services-how-we-help-you-save-time-and-money/,https://uabusinesssolution.com/ | https://uabusinesssolution.com/about/ | https://uabusinesssolution.com/blogs/,
uabusinesssolution.com,https://uabusinesssolution.com/wholesale-distribution-storage-solutions-every-seller-needs/,page,no,no,200,,,https://uabusinesssolution.com/wholesale-distribution-storage-solutions-every-seller-needs/,0,,,,yes,0.708,no,https://uabusinesssolution.com/wholesale-distribution-storage-solutions-every-seller-needs/,https://uabusinesssolution.com/ | https://uabusinesssolution.com/about/ | https://uabusinesssolution.com/blogs/,
uabusinesssolution.com,https://uabusinesssolution.com/why-3pl-and-fbm-fulfillment-are-game-changers-for-e-commerce-sellers/,page,no,no,200,,,https://uabusinesssolution.com/why-3pl-and-fbm-fulfillment-are-game-changers-for-e-commerce-sellers/,0,,,,yes,0.782,no,https://uabusinesssolution.com/why-3pl-and-fbm-fulfillment-are-game-changers-for-e-commerce-sellers/,https://uabusinesssolution.com/ | https://uabusinesssolution.com/about/ | https://uabusinesssolution.com/blogs/,
uabusinesssolution.com,https://uabusinesssolution.com/wp-content/uploads/2025/09/newlogo-scaled.png,asset,no,no,200,,,https://uabusinesssolution.com/wp-content/uploads/2025/09/newlogo-scaled.png,0,,,,yes,0.243,no,,https://uabusinesssolution.com/ | https://uabusinesssolution.com/about/ | https://uabusinesssolution.com/services/ | https://uabusinesssolution.com/fba-wfs/ | https://uabusinesssolution.com/faqs/,
uabusinesssolution.com,https://uabusinesssolution.com/terms-conditions/,page,no,no,200,,,https://uabusinesssolution.com/terms-conditions/,0,,,,yes,0.878,no,https://uabusinesssolution.com/terms-conditions/,https://uabusinesssolution.com/ | https://uabusinesssolution.com/about/ | https://uabusinesssolution.com/services/ | https://uabusinesssolution.com/fba-wfs/ | https://uabusinesssolution.com/faqs/,
uabusinesssolution.com,https://uabusinesssolution.com/privacy-policy/,page,no,no,200,,,https://uabusinesssolution.com/privacy-policy/,0,,,,yes,1.173,no,https://uabusinesssolution.com/privacy-policy/,https://uabusinesssolution.com/ | https://uabusinesssolution.com/about/ | https://uabusinesssolution.com/services/ | https://uabusinesssolution.com/fba-wfs/ | https://uabusinesssolution.com/faqs/,
uabusinesssolution.com,https://uabusinesssolution.com/wp-content/uploads/2025/09/newlogo-300x87.png,asset,no,no,200,,,https://uabusinesssolution.com/wp-content/uploads/2025/09/newlogo-300x87.png,0,,,,yes,0.268,no,,https://uabusinesssolution.com/ | https://uabusinesssolution.com/about/ | https://uabusinesssolution.com/services/ | https://uabusinesssolution.com/fba-wfs/ | https://uabusinesssolution.com/faqs/,
uabusinesssolution.com,https://uabusinesssolution.com/wp-content/uploads/2025/09/newlogo-768x223.png,asset,no,no,200,,,https://uabusinesssolution.com/wp-content/uploads/2025/09/newlogo-768x223.png,0,,,,yes,0.323,no,,https://uabusinesssolution.com/ | https://uabusinesssolution.com/about/ | https://uabusinesssolution.com/services/ | https://uabusinesssolution.com/fba-wfs/ | https://uabusinesssolution.com/faqs/,
uabusinesssolution.com,https://uabusinesssolution.com/wp-content/uploads/2025/09/newlogo-1024x298.png,asset,no,no,200,,,https://uabusinesssolution.com/wp-content/uploads/2025/09/newlogo-1024x298.png,0,,,,yes,1.144,no,,https://uabusinesssolution.com/ | https://uabusinesssolution.com/about/ | https://uabusinesssolution.com/services/ | https://uabusinesssolution.com/fba-wfs/ | https://uabusinesssolution.com/faqs/,
uabusinesssolution.com,https://uabusinesssolution.com/wp-content/uploads/2025/09/newlogo-2048x596.png,asset,no,no,200,,,https://uabusinesssolution.com/wp-content/uploads/2025/09/newlogo-2048x596.png,0,,,,yes,0.986,no,,https://uabusinesssolution.com/ | https://uabusinesssolution.com/about/ | https://uabusinesssolution.com/services/ | https://uabusinesssolution.com/fba-wfs/ | https://uabusinesssolution.com/faqs/,
uabusinesssolution.com,https://uabusinesssolution.com/wp-content/uploads/2025/09/Add-a-heading.png,asset,no,no,200,,,https://uabusinesssolution.com/wp-content/uploads/2025/09/Add-a-heading.png,0,,,,yes,0.908,no,,https://uabusinesssolution.com/ | https://uabusinesssolution.com/about/ | https://uabusinesssolution.com/services/ | https://uabusinesssolution.com/fba-wfs/ | https://uabusinesssolution.com/faqs/,
uabusinesssolution.com,https://uabusinesssolution.com/wp-content/uploads/2025/09/Add-a-heading-300x60.png,asset,no,no,200,,,https://uabusinesssolution.com/wp-content/uploads/2025/09/Add-a-heading-300x60.png,0,,,,yes,0.972,no,,https://uabusinesssolution.com/ | https://uabusinesssolution.com/about/ | https://uabusinesssolution.com/services/ | https://uabusinesssolution.com/fba-wfs/ | https://uabusinesssolution.com/faqs/,
uabusinesssolution.com,https://uabusinesssolution.com/wp-content/uploads/2025/09/warehouse-about.png,asset,no,no,200,,,https://uabusinesssolution.com/wp-content/uploads/2025/09/warehouse-about.png,0,,,,yes,0.956,no,,https://uabusinesssolution.com/ | https://uabusinesssolution.com/about/,
uabusinesssolution.com,https://uabusinesssolution.com/wp-content/uploads/2025/09/warehouse-about-294x300.png,asset,no,no,200,,,https://uabusinesssolution.com/wp-content/uploads/2025/09/warehouse-about-294x300.png,0,,,,yes,1.147,no,,https://uabusinesssolution.com/ | https://uabusinesssolution.com/about/,
uabusinesssolution.com,https://uabusinesssolution.com/wp-content/uploads/2025/09/7-1.png,asset,no,no,200,,,https://uabusinesssolution.com/wp-content/uploads/2025/09/7-1.png,0,,,,yes,1.123,no,,https://uabusinesssolution.com/ | https://uabusinesssolution.com/about/ | https://uabusinesssolution.com/fba-wfs/ | https://uabusinesssolution.com/3pl-fbm/,
uabusinesssolution.com,https://uabusinesssolution.com/wp-content/uploads/2025/09/6-1.png,asset,no,no,200,,,https://uabusinesssolution.com/wp-content/uploads/2025/09/6-1.png,0,,,,yes,1.150,no,,https://uabusinesssolution.com/ | https://uabusinesssolution.com/about/ | https://uabusinesssolution.com/fba-wfs/ | https://uabusinesssolution.com/3pl-fbm/,
uabusinesssolution.com,https://uabusinesssolution.com/wp-content/uploads/2025/09/8-1.png,asset,no,no,200,,,https://uabusinesssolution.com/wp-content/uploads/2025/09/8-1.png,0,,,,yes,0.933,no,,https://uabusinesssolution.com/ | https://uabusinesssolution.com/about/ | https://uabusinesssolution.com/fba-wfs/ | https://uabusinesssolution.com/3pl-fbm/,
uabusinesssolution.com,https://uabusinesssolution.com/wp-content/uploads/2025/09/9-2-e1756975869531.png,asset,no,no,200,,,https://uabusinesssolution.com/wp-content/uploads/2025/09/9-2-e1756975869531.png,0,,,,yes,0.946,no,,https://uabusinesssolution.com/,
uabusinesssolution.com,https://uabusinesssolution.com/wp-content/uploads/2025/09/8-2.png,asset,no,no,200,,,https://uabusinesssolution.com/wp-content/uploads/2025/09/8-2.png,0,,,,yes,0.958,no,,https://uabusinesssolution.com/,
uabusinesssolution.com,https://uabusinesssolution.com/wp-content/uploads/2025/09/8-2-300x94.png,asset,no,no,200,,,https://uabusinesssolution.com/wp-content/uploads/2025/09/8-2-300x94.png,0,,,,yes,0.915,no,,https://uabusinesssolution.com/,
uabusinesssolution.com,https://uabusinesssolution.com/wp-content/uploads/2025/09/4-2-e1756975841967.png,asset,no,no,200,,,https://uabusinesssolution.com/wp-content/uploads/2025/09/4-2-e1756975841967.png,0,,,,yes,0.873,no,,https://uabusinesssolution.com/,
uabusinesssolution.com,https://uabusinesssolution.com/wp-content/uploads/2025/09/3-2-e1756975827431.png,asset,no,no,200,,,https://uabusinesssolution.com/wp-content/uploads/2025/09/3-2-e1756975827431.png,0,,,,yes,0.909,no,,https://uabusinesssolution.com/,
uabusinesssolution.com,https://uabusinesssolution.com/wp-content/uploads/2025/09/3-2-e1756975827431-300x56.png,asset,no,no,200,,,https://uabusinesssolution.com/wp-content/uploads/2025/09/3-2-e1756975827431-300x56.png,0,,,,yes,0.889,no,,https://uabusinesssolution.com/,
uabusinesssolution.com,https://uabusinesssolution.com/wp-content/uploads/2025/09/AMMAD-AKRAM-LLC-1.png,asset,no,no,200,,,https://uabusinesssolution.com/wp-content/uploads/2025/09/AMMAD-AKRAM-LLC-1.png,0,,,,yes,0.966,no,,https://uabusinesssolution.com/,
uabusinesssolution.com,https://uabusinesssolution.com/wp-content/uploads/2025/09/AMMAD-AKRAM-LLC-1-300x94.png,asset,no,no,200,,,https://uabusinesssolution.com/wp-content/uploads/2025/09/AMMAD-AKRAM-LLC-1-300x94.png,0,,,,yes,0.898,no,,https://uabusinesssolution.com/,
uabusinesssolution.com,https://uabusinesssolution.com/wp-content/uploads/2025/09/a3pl.png,asset,no,no,200,,,https://uabusinesssolution.com/wp-content/uploads/2025/09/a3pl.png,0,,,,yes,0.919,no,,https://uabusinesssolution.com/ | https://uabusinesssolution.com/services/,
uabusinesssolution.com,https://uabusinesssolution.com/wp-content/uploads/2025/09/a3pl-300x150.png,asset,no,no,200,,,https://uabusinesssolution.com/wp-content/uploads/2025/09/a3pl-300x150.png,0,,,,yes,0.906,no,,https://uabusinesssolution.com/ | https://uabusinesssolution.com/services/,
uabusinesssolution.com,https://uabusinesssolution.com/wp-content/uploads/2025/09/a3pl-1024x512.png,asset,no,no,200,,,https://uabusinesssolution.com/wp-content/uploads/2025/09/a3pl-1024x512.png,0,,,,yes,0.913,no,,https://uabusinesssolution.com/ | https://uabusinesssolution.com/services/,
uabusinesssolution.com,https://uabusinesssolution.com/wp-content/uploads/2025/09/a3pl-768x384.png,asset,no,no,200,,,https://uabusinesssolution.com/wp-content/uploads/2025/09/a3pl-768x384.png,0,,,,yes,0.884,no,,https://uabusinesssolution.com/ | https://uabusinesssolution.com/services/,
uabusinesssolution.com,https://uabusinesssolution.com/wp-content/uploads/2025/09/aFBM.png,asset,no,no,200,,,https://uabusinesssolution.com/wp-content/uploads/2025/09/aFBM.png,0,,,,yes,0.950,no,,https://uabusinesssolution.com/ | https://uabusinesssolution.com/services/,
uabusinesssolution.com,https://uabusinesssolution.com/wp-content/uploads/2025/09/aFBM-300x150.png,asset,no,no,200,,,https://uabusinesssolution.com/wp-content/uploads/2025/09/aFBM-300x150.png,0,,,,yes,0.915,no,,https://uabusinesssolution.com/ | https://uabusinesssolution.com/services/,
uabusinesssolution.com,https://uabusinesssolution.com/wp-content/uploads/2025/09/aFBM-1024x512.png,asset,no,no,200,,,https://uabusinesssolution.com/wp-content/uploads/2025/09/aFBM-1024x512.png,0,,,,yes,0.926,no,,https://uabusinesssolution.com/ | https://uabusinesssolution.com/services/,
uabusinesssolution.com,https://uabusinesssolution.com/wp-content/uploads/2025/09/aFBM-768x384.png,asset,no,no,200,,,https://uabusinesssolution.com/wp-content/uploads/2025/09/aFBM-768x384.png,0,,,,yes,0.945,no,,https://uabusinesssolution.com/ | https://uabusinesssolution.com/services/,
uabusinesssolution.com,https://uabusinesssolution.com/wp-content/uploads/2025/09/17.png,asset,no,no,200,,,https://uabusinesssolution.com/wp-content/uploads/2025/09/17.png,0,,,,yes,0.919,no,,https://uabusinesssolution.com/ | https://uabusinesssolution.com/about/,
uabusinesssolution.com,https://uabusinesssolution.com/wp-content/uploads/2025/09/18.png,asset,no,no,200,,,https://uabusinesssolution.com/wp-content/uploads/2025/09/18.png,0,,,,yes,0.964,no,,https://uabusinesssolution.com/ | https://uabusinesssolution.com/about/,
uabusinesssolution.com,https://uabusinesssolution.com/wp-content/uploads/2025/09/about-us-2.png,asset,no,no,200,,,https://uabusinesssolution.com/wp-content/uploads/2025/09/about-us-2.png,0,,,,yes,0.888,no,,https://uabusinesssolution.com/ | https://uabusinesssolution.com/about/,
uabusinesssolution.com,https://uabusinesssolution.com/wp-content/uploads/2025/09/about-us-2-251x300.png,asset,no,no,200,,,https://uabusinesssolution.com/wp-content/uploads/2025/09/about-us-2-251x300.png,0,,,,yes,0.869,no,,https://uabusinesssolution.com/ | https://uabusinesssolution.com/about/,
uabusinesssolution.com,https://uabusinesssolution.com/wp-content/uploads/2025/09/review-1.png,asset,no,no,200,,,https://uabusinesssolution.com/wp-content/uploads/2025/09/review-1.png,0,,,,yes,0.942,no,,https://uabusinesssolution.com/,
uabusinesssolution.com,https://uabusinesssolution.com/wp-content/uploads/2025/09/review-1-300x300.png,asset,no,no,200,,,https://uabusinesssolution.com/wp-content/uploads/2025/09/review-1-300x300.png,0,,,,yes,0.914,no,,https://uabusinesssolution.com/,
uabusinesssolution.com,https://uabusinesssolution.com/wp-content/uploads/2025/09/review-1-150x150.png,asset,no,no,200,,,https://uabusinesssolution.com/wp-content/uploads/2025/09/review-1-150x150.png,0,,,,yes,0.951,no,,https://uabusinesssolution.com/,
uabusinesssolution.com,https://uabusinesssolution.com/wp-content/uploads/2025/09/review-2.png,asset,no,no,200,,,https://uabusinesssolution.com/wp-content/uploads/2025/09/review-2.png,0,,,,yes,0.968,no,,https://uabusinesssolution.com/,
uabusinesssolution.com,https://uabusinesssolution.com/wp-content/uploads/2025/09/review-2-300x300.png,asset,no,no,200,,,https://uabusinesssolution.com/wp-content/uploads/2025/09/review-2-300x300.png,0,,,,yes,0.924,no,,https://uabusinesssolution.com/,
uabusinesssolution.com,https://uabusinesssolution.com/wp-content/uploads/2025/09/review-2-150x150.png,asset,no,no,200,,,https://uabusinesssolution.com/wp-content/uploads/2025/09/review-2-150x150.png,0,,,,yes,1.008,no,,https://uabusinesssolution.com/,
uabusinesssolution.com,https://uabusinesssolution.com/wp-content/uploads/2025/09/review-3.png,asset,no,no,200,,,https://uabusinesssolution.com/wp-content/uploads/2025/09/review-3.png,0,,,,yes,0.907,no,,https://uabusinesssolution.com/,
uabusinesssolution.com,https://uabusinesssolution.com/wp-content/uploads/2025/09/review-3-300x300.png,asset,no,no,200,,,https://uabusinesssolution.com/wp-content/uploads/2025/09/review-3-300x300.png,0,,,,yes,0.952,no,,https://uabusinesssolution.com/,
uabusinesssolution.com,https://uabusinesssolution.com/wp-content/uploads/2025/09/review-3-150x150.png,asset,no,no,200,,,https://uabusinesssolution.com/wp-content/uploads/2025/09/review-3-150x150.png,0,,,,yes,1.030,no,,https://uabusinesssolution.com/,
uabusinesssolution.com,https://uabusinesssolution.com/wp-content/uploads/2025/09/review-4.png,asset,no,no,200,,,https://uabusinesssolution.com/wp-content/uploads/2025/09/review-4.png,0,,,,yes,1.022,no,,https://uabusinesssolution.com/,
uabusinesssolution.com,https://uabusinesssolution.com/wp-content/uploads/2025/09/review-4-300x300.png,asset,no,no,200,,,https://uabusinesssolution.com/wp-content/uploads/2025/09/review-4-300x300.png,0,,,,yes,0.966,no,,https://uabusinesssolution.com/,
uabusinesssolution.com,https://uabusinesssolution.com/wp-content/uploads/2025/09/review-4-150x150.png,asset,no,no,200,,,https://uabusinesssolution.com/wp-content/uploads/2025/09/review-4-150x150.png,0,,,,yes,0.989,no,,https://uabusinesssolution.com/,
uabusinesssolution.com,https://uabusinesssolution.com/wp-content/uploads/2025/09/review-5.png,asset,no,no,200,,,https://uabusinesssolution.com/wp-content/uploads/2025/09/review-5.png,0,,,,yes,0.945,no,,https://uabusinesssolution.com/,
uabusinesssolution.com,https://uabusinesssolution.com/wp-content/uploads/2025/09/review-5-300x300.png,asset,no,no,200,,,https://uabusinesssolution.com/wp-content/uploads/2025/09/review-5-300x300.png,0,,,,yes,0.917,no,,https://uabusinesssolution.com/,
uabusinesssolution.com,https://uabusinesssolution.com/wp-content/uploads/2025/09/review-5-150x150.png,asset,no,no,200,,,https://uabusinesssolution.com/wp-content/uploads/2025/09/review-5-150x150.png,0,,,,yes,0.969,no,,https://uabusinesssolution.com/,
uabusinesssolution.com,https://uabusinesssolution.com/wp-content/uploads/2025/09/Design-Element-2.png,asset,no,no,200,,,https://uabusinesssolution.com/wp-content/uploads/2025/09/Design-Element-2.png,0,,,,yes,0.914,no,,https://uabusinesssolution.com/,
uabusinesssolution.com,https://uabusinesssolution.com/wp-content/uploads/2025/09/Design-Element-2-300x284.png,asset,no,no,200,,,https://uabusinesssolution.com/wp-content/uploads/2025/09/Design-Element-2-300x284.png,0,,,,yes,0.930,no,,https://uabusinesssolution.com/,
uabusinesssolution.com,https://uabusinesssolution.com/wp-content/uploads/2025/09/Design-Element-2-1024x971.png,asset,no,no,200,,,https://uabusinesssolution.com/wp-content/uploads/2025/09/Design-Element-2-1024x971.png,0,,,,yes,0.895,no,,https://uabusinesssolution.com/,
uabusinesssolution.com,https://uabusinesssolution.com/wp-content/uploads/2025/09/Design-Element-2-768x728.png,asset,no,no,200,,,https://uabusinesssolution.com/wp-content/uploads/2025/09/Design-Element-2-768x728.png,0,,,,yes,0.900,no,,https://uabusinesssolution.com/,
uabusinesssolution.com,https://uabusinesssolution.com/wp-content/uploads/2025/09/faq.png,asset,no,no,200,,,https://uabusinesssolution.com/wp-content/uploads/2025/09/faq.png,0,,,,yes,0.874,no,,https://uabusinesssolution.com/ | https://uabusinesssolution.com/faqs/,
uabusinesssolution.com,https://uabusinesssolution.com/wp-content/uploads/2025/09/faq-282x300.png,asset,no,no,200,,,https://uabusinesssolution.com/wp-content/uploads/2025/09/faq-282x300.png,0,,,,yes,0.889,no,,https://uabusinesssolution.com/ | https://uabusinesssolution.com/faqs/,
uabusinesssolution.com,https://uabusinesssolution.com/wp-content/uploads/2025/09/Design-Element-3-768x728.png,asset,no,no,200,,,https://uabusinesssolution.com/wp-content/uploads/2025/09/Design-Element-3-768x728.png,0,,,,yes,0.910,no,,https://uabusinesssolution.com/ | https://uabusinesssolution.com/faqs/,
uabusinesssolution.com,https://uabusinesssolution.com/wp-content/uploads/2025/09/Design-Element-3-300x284.png,asset,no,no,200,,,https://uabusinesssolution.com/wp-content/uploads/2025/09/Design-Element-3-300x284.png,0,,,,yes,0.945,no,,https://uabusinesssolution.com/ | https://uabusinesssolution.com/faqs/,
uabusinesssolution.com,https://uabusinesssolution.com/wp-content/uploads/2025/09/Design-Element-3-1024x971.png,asset,no,no,200,,,https://uabusinesssolution.com/wp-content/uploads/2025/09/Design-Element-3-1024x971.png,0,,,,yes,0.898,no,,https://uabusinesssolution.com/ | https://uabusinesssolution.com/faqs/,
uabusinesssolution.com,https://uabusinesssolution.com/wp-content/uploads/2025/09/Design-Element-3.png,asset,no,no,200,,,https://uabusinesssolution.com/wp-content/uploads/2025/09/Design-Element-3.png,0,,,,yes,0.978,no,,https://uabusinesssolution.com/ | https://uabusinesssolution.com/faqs/,
uabusinesssolution.com,https://uabusinesssolution.com/wp-content/uploads/2025/09/FBA.png,asset,no,no,200,,,https://uabusinesssolution.com/wp-content/uploads/2025/09/FBA.png,0,,,,yes,0.941,no,,https://uabusinesssolution.com/ | https://uabusinesssolution.com/about/ | https://uabusinesssolution.com/blogs/ | https://uabusinesssolution.com/fba-wfs-prep-services-how-we-help-you-save-time-and-money/,
uabusinesssolution.com,https://uabusinesssolution.com/wp-content/uploads/2025/09/FBA-300x300.png,asset,no,no,200,,,https://uabusinesssolution.com/wp-content/uploads/2025/09/FBA-300x300.png,0,,,,yes,0.918,no,,https://uabusinesssolution.com/ | https://uabusinesssolution.com/about/ | https://uabusinesssolution.com/blogs/ | https://uabusinesssolution.com/fba-wfs-prep-services-how-we-help-you-save-time-and-money/,
uabusinesssolution.com,https://uabusinesssolution.com/wp-content/uploads/2025/09/FBA-1024x1024.png,asset,no,no,200,,,https://uabusinesssolution.com/wp-content/uploads/2025/09/FBA-1024x1024.png,0,,,,yes,0.902,no,,https://uabusinesssolution.com/ | https://uabusinesssolution.com/about/ | https://uabusinesssolution.com/blogs/ | https://uabusinesssolution.com/fba-wfs-prep-services-how-we-help-you-save-time-and-money/,
uabusinesssolution.com,https://uabusinesssolution.com/wp-content/uploads/2025/09/FBA-150x150.png,asset,no,no,200,,,https://uabusinesssolution.com/wp-content/uploads/2025/09/FBA-150x150.png,0,,,,yes,0.943,no,,https://uabusinesssolution.com/ | https://uabusinesssolution.com/about/ | https://uabusinesssolution.com/blogs/ | https://uabusinesssolution.com/fba-wfs-prep-services-how-we-help-you-save-time-and-money/,
uabusinesssolution.com,https://uabusinesssolution.com/wp-content/uploads/2025/09/FBA-768x768.png,asset,no,no,200,,,https://uabusinesssolution.com/wp-content/uploads/2025/09/FBA-768x768.png,0,,,,yes,0.905,no,,https://uabusinesssolution.com/ | https://uabusinesssolution.com/about/ | https://uabusinesssolution.com/blogs/ | https://uabusinesssolution.com/fba-wfs-prep-services-how-we-help-you-save-time-and-money/,
uabusinesssolution.com,https://uabusinesssolution.com/wp-content/uploads/2025/09/FBA-1536x1536.png,asset,no,no,200,,,https://uabusinesssolution.com/wp-content/uploads/2025/09/FBA-1536x1536.png,0,,,,yes,0.909,no,,https://uabusinesssolution.com/ | https://uabusinesssolution.com/about/ | https://uabusinesssolution.com/blogs/ | https://uabusinesssolution.com/fba-wfs-prep-services-how-we-help-you-save-time-and-money/,
uabusinesssolution.com,https://uabusinesssolution.com/wp-content/uploads/2025/09/FBA-2048x2048.png,asset,no,no,200,,,https://uabusinesssolution.com/wp-content/uploads/2025/09/FBA-2048x2048.png,0,,,,yes,0.921,no,,https://uabusinesssolution.com/ | https://uabusinesssolution.com/about/ | https://uabusinesssolution.com/blogs/ | https://uabusinesssolution.com/fba-wfs-prep-services-how-we-help-you-save-time-and-money/,
uabusinesssolution.com,https://uabusinesssolution.com/wp-content/uploads/2025/09/Logistics.png,asset,no,no,200,,,https://uabusinesssolution.com/wp-content/uploads/2025/09/Logistics.png,0,,,,yes,0.937,no,,https://uabusinesssolution.com/ | https://uabusinesssolution.com/about/ | https://uabusinesssolution.com/blogs/ | https://uabusinesssolution.com/wholesale-distribution-storage-solutions-every-seller-needs/,
uabusinesssolution.com,https://uabusinesssolution.com/wp-content/uploads/2025/09/Logistics-300x300.png,asset,no,no,200,,,https://uabusinesssolution.com/wp-content/uploads/2025/09/Logistics-300x300.png,0,,,,yes,0.895,no,,https://uabusinesssolution.com/ | https://uabusinesssolution.com/about/ | https://uabusinesssolution.com/blogs/ | https://uabusinesssolution.com/wholesale-distribution-storage-solutions-every-seller-needs/,
uabusinesssolution.com,https://uabusinesssolution.com/wp-content/uploads/2025/09/Logistics-1024x1024.png,asset,no,no,200,,,https://uabusinesssolution.com/wp-content/uploads/2025/09/Logistics-1024x1024.png,0,,,,yes,0.887,no,,https://uabusinesssolution.com/ | https://uabusinesssolution.com/about/ | https://uabusinesssolution.com/blogs/ | https://uabusinesssolution.com/wholesale-distribution-storage-solutions-every-seller-needs/,
uabusinesssolution.com,https://uabusinesssolution.com/wp-content/uploads/2025/09/Logistics-150x150.png,asset,no,no,200,,,https://uabusinesssolution.com/wp-content/uploads/2025/09/Logistics-150x150.png,0,,,,yes,0.933,no,,https://uabusinesssolution.com/ | https://uabusinesssolution.com/about/ | https://uabusinesssolution.com/blogs/ | https://uabusinesssolution.com/wholesale-distribution-storage-solutions-every-seller-needs/,
uabusinesssolution.com,https://uabusinesssolution.com/wp-content/uploads/2025/09/Logistics-768x768.png,asset,no,no,200,,,https://uabusinesssolution.com/wp-content/uploads/2025/09/Logistics-768x768.png,0,,,,yes,0.924,no,,https://uabusinesssolution.com/ | https://uabusinesssolution.com/about/ | https://uabusinesssolution.com/blogs/ | https://uabusinesssolution.com/wholesale-distribution-storage-solutions-every-seller-needs/,
uabusinesssolution.com,https://uabusinesssolution.com/wp-content/uploads/2025/09/Logistics-1536x1536.png,asset,no,no,200,,,https://uabusinesssolution.com/wp-content/uploads/2025/09/Logistics-1536x1536.png,0,,,,yes,0.899,no,,https://uabusinesssolution.com/ | https://uabusinesssolution.com/about/ | https://uabusinesssolution.com/blogs/ | https://uabusinesssolution.com/wholesale-distribution-storage-solutions-every-seller-needs/,
uabusinesssolution.com,https://uabusinesssolution.com/wp-content/uploads/2025/09/Logistics-2048x2048.png,asset,no,no,200,,,https://uabusinesssolution.com/wp-content/uploads/2025/09/Logistics-2048x2048.png,0,,,,yes,0.921,no,,https://uabusinesssolution.com/ | https://uabusinesssolution.com/about/ | https://uabusinesssolution.com/blogs/ | https://uabusinesssolution.com/wholesale-distribution-storage-solutions-every-seller-needs/,
uabusinesssolution.com,https://uabusinesssolution.com/wp-content/uploads/2025/09/warehouse.png,asset,no,no,200,,,https://uabusinesssolution.com/wp-content/uploads/2025/09/warehouse.png,0,,,,yes,0.909,no,,https://uabusinesssolution.com/ | https://uabusinesssolution.com/about/ | https://uabusinesssolution.com/blogs/ | https://uabusinesssolution.com/why-3pl-and-fbm-fulfillment-are-game-changers-for-e-commerce-sellers/,
uabusinesssolution.com,https://uabusinesssolution.com/wp-content/uploads/2025/09/warehouse-300x300.png,asset,no,no,200,,,https://uabusinesssolution.com/wp-content/uploads/2025/09/warehouse-300x300.png,0,,,,yes,0.888,no,,https://uabusinesssolution.com/ | https://uabusinesssolution.com/about/ | https://uabusinesssolution.com/blogs/ | https://uabusinesssolution.com/why-3pl-and-fbm-fulfillment-are-game-changers-for-e-commerce-sellers/,
uabusinesssolution.com,https://uabusinesssolution.com/wp-content/uploads/2025/09/warehouse-1024x1024.png,asset,no,no,200,,,https://uabusinesssolution.com/wp-content/uploads/2025/09/warehouse-1024x1024.png,0,,,,yes,0.979,no,,https://uabusinesssolution.com/ | https://uabusinesssolution.com/about/ | https://uabusinesssolution.com/blogs/ | https://uabusinesssolution.com/why-3pl-and-fbm-fulfillment-are-game-changers-for-e-commerce-sellers/,
uabusinesssolution.com,https://uabusinesssolution.com/wp-content/uploads/2025/09/warehouse-150x150.png,asset,no,no,200,,,https://uabusinesssolution.com/wp-content/uploads/2025/09/warehouse-150x150.png,0,,,,yes,0.984,no,,https://uabusinesssolution.com/ | https://uabusinesssolution.com/about/ | https://uabusinesssolution.com/blogs/ | https://uabusinesssolution.com/why-3pl-and-fbm-fulfillment-are-game-changers-for-e-commerce-sellers/,
uabusinesssolution.com,https://uabusinesssolution.com/wp-content/uploads/2025/09/warehouse-768x768.png,asset,no,no,200,,,https://uabusinesssolution.com/wp-content/uploads/2025/09/warehouse-768x768.png,0,,,,yes,0.957,no,,https://uabusinesssolution.com/ | https://uabusinesssolution.com/about/ | https://uabusinesssolution.com/blogs/ | https://uabusinesssolution.com/why-3pl-and-fbm-fulfillment-are-game-changers-for-e-commerce-sellers/,
uabusinesssolution.com,https://uabusinesssolution.com/wp-content/uploads/2025/09/warehouse-1536x1536.png,asset,no,no,200,,,https://uabusinesssolution.com/wp-content/uploads/2025/09/warehouse-1536x1536.png,0,,,,yes,0.954,no,,https://uabusinesssolution.com/ | https://uabusinesssolution.com/about/ | https://uabusinesssolution.com/blogs/ | https://uabusinesssolution.com/why-3pl-and-fbm-fulfillment-are-game-changers-for-e-commerce-sellers/,
uabusinesssolution.com,https://uabusinesssolution.com/wp-content/uploads/2025/09/warehouse-2048x2048.png,asset,no,no,200,,,https://uabusinesssolution.com/wp-content/uploads/2025/09/warehouse-2048x2048.png,0,,,,yes,0.968,no,,https://uabusinesssolution.com/ | https://uabusinesssolution.com/about/ | https://uabusinesssolution.com/blogs/ | https://uabusinesssolution.com/why-3pl-and-fbm-fulfillment-are-game-changers-for-e-commerce-sellers/,
uabusinesssolution.com,https://uabusinesssolution.com/wp-content/uploads/2025/09/delivery-boy12.png,asset,no,no,200,,,https://uabusinesssolution.com/wp-content/uploads/2025/09/delivery-boy12.png,0,,,,yes,0.922,no,,https://uabusinesssolution.com/ | https://uabusinesssolution.com/about/ | https://uabusinesssolution.com/services/ | https://uabusinesssolution.com/fba-wfs/ | https://uabusinesssolution.com/faqs/,
uabusinesssolution.com,https://uabusinesssolution.com/wp-content/uploads/2025/09/delivery-boy12-275x300.png,asset,no,no,200,,,https://uabusinesssolution.com/wp-content/uploads/2025/09/delivery-boy12-275x300.png,0,,,,yes,0.911,no,,https://uabusinesssolution.com/ | https://uabusinesssolution.com/about/ | https://uabusinesssolution.com/services/ | https://uabusinesssolution.com/fba-wfs/ | https://uabusinesssolution.com/faqs/,
uabusinesssolution.com,https://uabusinesssolution.com/wp-content/uploads/2025/09/delivery-boy12-937x1024.png,asset,no,no,200,,,https://uabusinesssolution.com/wp-content/uploads/2025/09/delivery-boy12-937x1024.png,0,,,,yes,0.888,no,,https://uabusinesssolution.com/ | https://uabusinesssolution.com/about/ | https://uabusinesssolution.com/services/ | https://uabusinesssolution.com/fba-wfs/ | https://uabusinesssolution.com/faqs/,
uabusinesssolution.com,https://uabusinesssolution.com/wp-content/uploads/2025/09/delivery-boy12-768x839.png,asset,no,no,200,,,https://uabusinesssolution.com/wp-content/uploads/2025/09/delivery-boy12-768x839.png,0,,,,yes,1.153,no,,https://uabusinesssolution.com/ | https://uabusinesssolution.com/about/ | https://uabusinesssolution.com/services/ | https://uabusinesssolution.com/fba-wfs/ | https://uabusinesssolution.com/faqs/,
uabusinesssolution.com,https://uabusinesssolution.com/wp-content/uploads/2025/09/Layer-2-1024x298.png,asset,no,no,200,,,https://uabusinesssolution.com/wp-content/uploads/2025/09/Layer-2-1024x298.png,0,,,,yes,1.081,no,,https://uabusinesssolution.com/ | https://uabusinesssolution.com/about/ | https://uabusinesssolution.com/services/ | https://uabusinesssolution.com/fba-wfs/ | https://uabusinesssolution.com/faqs/,
uabusinesssolution.com,https://uabusinesssolution.com/wp-content/uploads/2025/09/Layer-2-300x87.png,asset,no,no,200,,,https://uabusinesssolution.com/wp-content/uploads/2025/09/Layer-2-300x87.png,0,,,,yes,1.095,no,,https://uabusinesssolution.com/ | https://uabusinesssolution.com/about/ | https://uabusinesssolution.com/services/ | https://uabusinesssolution.com/fba-wfs/ | https://uabusinesssolution.com/faqs/,
uabusinesssolution.com,https://uabusinesssolution.com/wp-content/uploads/2025/09/Layer-2-768x223.png,asset,no,no,200,,,https://uabusinesssolution.com/wp-content/uploads/2025/09/Layer-2-768x223.png,0,,,,yes,1.069,no,,https://uabusinesssolution.com/ | https://uabusinesssolution.com/about/ | https://uabusinesssolution.com/services/ | https://uabusinesssolution.com/fba-wfs/ | https://uabusinesssolution.com/faqs/,
uabusinesssolution.com,https://uabusinesssolution.com/wp-content/uploads/2025/09/Layer-2-1536x447.png,asset,no,no,200,,,https://uabusinesssolution.com/wp-content/uploads/2025/09/Layer-2-1536x447.png,0,,,,yes,0.977,no,,https://uabusinesssolution.com/ | https://uabusinesssolution.com/about/ | https://uabusinesssolution.com/services/ | https://uabusinesssolution.com/fba-wfs/ | https://uabusinesssolution.com/faqs/,
uabusinesssolution.com,https://uabusinesssolution.com/wp-content/uploads/2025/09/Layer-2-2048x596.png,asset,no,no,200,,,https://uabusinesssolution.com/wp-content/uploads/2025/09/Layer-2-2048x596.png,0,,,,yes,0.914,no,,https://uabusinesssolution.com/ | https://uabusinesssolution.com/about/ | https://uabusinesssolution.com/services/ | https://uabusinesssolution.com/fba-wfs/ | https://uabusinesssolution.com/faqs/,
uabusinesssolution.com,https://uabusinesssolution.com/wp-content/plugins/elementor/assets/lib/font-awesome/js/v4-shims.min.js?ver=4.3.2,asset,no,no,200,,,https://uabusinesssolution.com/wp-content/plugins/elementor/assets/lib/font-awesome/js/v4-shims.min.js?ver=4.3.2,0,,,,yes,1.104,no,,https://uabusinesssolution.com/ | https://uabusinesssolution.com/about/ | https://uabusinesssolution.com/services/ | https://uabusinesssolution.com/fba-wfs/ | https://uabusinesssolution.com/faqs/,
uabusinesssolution.com,https://uabusinesssolution.com/wp-includes/js/jquery/jquery.min.js?ver=3.7.1,asset,no,no,200,,,https://uabusinesssolution.com/wp-includes/js/jquery/jquery.min.js?ver=3.7.1,0,,,,yes,0.895,no,,https://uabusinesssolution.com/ | https://uabusinesssolution.com/about/ | https://uabusinesssolution.com/services/ | https://uabusinesssolution.com/fba-wfs/ | https://uabusinesssolution.com/faqs/,
uabusinesssolution.com,https://uabusinesssolution.com/wp-includes/js/jquery/jquery-migrate.min.js?ver=3.4.1,asset,no,no,200,,,https://uabusinesssolution.com/wp-includes/js/jquery/jquery-migrate.min.js?ver=3.4.1,0,,,,yes,0.956,no,,https://uabusinesssolution.com/ | https://uabusinesssolution.com/about/ | https://uabusinesssolution.com/services/ | https://uabusinesssolution.com/fba-wfs/ | https://uabusinesssolution.com/faqs/,
uabusinesssolution.com,https://uabusinesssolution.com/wp-content/plugins/happy-elementor-addons/assets/vendor/dom-purify/purify.min.js?ver=3.1.6,asset,no,no,200,,,https://uabusinesssolution.com/wp-content/plugins/happy-elementor-addons/assets/vendor/dom-purify/purify.min.js?ver=3.1.6,0,,,,yes,0.923,no,,https://uabusinesssolution.com/ | https://uabusinesssolution.com/about/ | https://uabusinesssolution.com/services/ | https://uabusinesssolution.com/fba-wfs/ | https://uabusinesssolution.com/faqs/,
uabusinesssolution.com,https://uabusinesssolution.com/wp-content/plugins/elementor/assets/js/webpack.runtime.min.js?ver=4.3.2,asset,no,no,200,,,https://uabusinesssolution.com/wp-content/plugins/elementor/assets/js/webpack.runtime.min.js?ver=4.3.2,0,,,,yes,0.911,no,,https://uabusinesssolution.com/ | https://uabusinesssolution.com/about/ | https://uabusinesssolution.com/services/ | https://uabusinesssolution.com/fba-wfs/ | https://uabusinesssolution.com/faqs/,
uabusinesssolution.com,https://uabusinesssolution.com/wp-content/plugins/elementor/assets/js/frontend-modules.min.js?ver=4.3.2,asset,no,no,200,,,https://uabusinesssolution.com/wp-content/plugins/elementor/assets/js/frontend-modules.min.js?ver=4.3.2,0,,,,yes,0.893,no,,https://uabusinesssolution.com/ | https://uabusinesssolution.com/about/ | https://uabusinesssolution.com/services/ | https://uabusinesssolution.com/fba-wfs/ | https://uabusinesssolution.com/faqs/,
uabusinesssolution.com,https://uabusinesssolution.com/wp-includes/js/jquery/ui/core.min.js?ver=1.14.2,asset,no,no,200,,,https://uabusinesssolution.com/wp-includes/js/jquery/ui/core.min.js?ver=1.14.2,0,,,,yes,0.930,no,,https://uabusinesssolution.com/ | https://uabusinesssolution.com/about/ | https://uabusinesssolution.com/services/ | https://uabusinesssolution.com/fba-wfs/ | https://uabusinesssolution.com/faqs/,
uabusinesssolution.com,https://uabusinesssolution.com/wp-content/plugins/elementor/assets/js/frontend.min.js?ver=4.3.2,asset,no,no,200,,,https://uabusinesssolution.com/wp-content/plugins/elementor/assets/js/frontend.min.js?ver=4.3.2,0,,,,yes,0.931,no,,https://uabusinesssolution.com/ | https://uabusinesssolution.com/about/ | https://uabusinesssolution.com/services/ | https://uabusinesssolution.com/fba-wfs/ | https://uabusinesssolution.com/faqs/,
uabusinesssolution.com,https://uabusinesssolution.com/wp-content/plugins/elementor/assets/lib/jquery-numerator/jquery-numerator.min.js?ver=0.2.1,asset,no,no,200,,,https://uabusinesssolution.com/wp-content/plugins/elementor/assets/lib/jquery-numerator/jquery-numerator.min.js?ver=0.2.1,0,,,,yes,0.888,no,,https://uabusinesssolution.com/ | https://uabusinesssolution.com/fba-wfs/ | https://uabusinesssolution.com/3pl-fbm/,
uabusinesssolution.com,https://uabusinesssolution.com/wp-content/plugins/metform/assets/libs/htm/htm.js?ver=4.3.1,asset,no,no,200,,,https://uabusinesssolution.com/wp-content/plugins/metform/assets/libs/htm/htm.js?ver=4.3.1,0,,,,yes,0.921,no,,https://uabusinesssolution.com/ | https://uabusinesssolution.com/about/ | https://uabusinesssolution.com/services/ | https://uabusinesssolution.com/fba-wfs/ | https://uabusinesssolution.com/faqs/,
uabusinesssolution.com,https://uabusinesssolution.com/wp-includes/js/dist/vendor/react.min.js?ver=18.3.1.1,asset,no,no,200,,,https://uabusinesssolution.com/wp-includes/js/dist/vendor/react.min.js?ver=18.3.1.1,0,,,,yes,0.893,no,,https://uabusinesssolution.com/ | https://uabusinesssolution.com/about/ | https://uabusinesssolution.com/services/ | https://uabusinesssolution.com/fba-wfs/ | https://uabusinesssolution.com/faqs/,
uabusinesssolution.com,https://uabusinesssolution.com/wp-includes/js/dist/vendor/react-dom.min.js?ver=18.3.1.1,asset,no,no,200,,,https://uabusinesssolution.com/wp-includes/js/dist/vendor/react-dom.min.js?ver=18.3.1.1,0,,,,yes,0.887,no,,https://uabusinesssolution.com/ | https://uabusinesssolution.com/about/ | https://uabusinesssolution.com/services/ | https://uabusinesssolution.com/fba-wfs/ | https://uabusinesssolution.com/faqs/,
uabusinesssolution.com,https://uabusinesssolution.com/wp-includes/js/dist/vendor/react-jsx-runtime.min.js?ver=18.3.1,asset,no,no,200,,,https://uabusinesssolution.com/wp-includes/js/dist/vendor/react-jsx-runtime.min.js?ver=18.3.1,0,,,,yes,0.892,no,,https://uabusinesssolution.com/ | https://uabusinesssolution.com/about/ | https://uabusinesssolution.com/services/ | https://uabusinesssolution.com/fba-wfs/ | https://uabusinesssolution.com/faqs/,
uabusinesssolution.com,https://uabusinesssolution.com/wp-includes/js/dist/escape-html.min.js?ver=87ebe53e97bba59805a5,asset,no,no,200,,,https://uabusinesssolution.com/wp-includes/js/dist/escape-html.min.js?ver=87ebe53e97bba59805a5,0,,,,yes,0.957,no,,https://uabusinesssolution.com/ | https://uabusinesssolution.com/about/ | https://uabusinesssolution.com/services/ | https://uabusinesssolution.com/fba-wfs/ | https://uabusinesssolution.com/faqs/,
uabusinesssolution.com,https://uabusinesssolution.com/wp-includes/js/dist/element.min.js?ver=4a4370b2b349066fd440,asset,no,no,200,,,https://uabusinesssolution.com/wp-includes/js/dist/element.min.js?ver=4a4370b2b349066fd440,0,,,,yes,0.901,no,,https://uabusinesssolution.com/ | https://uabusinesssolution.com/about/ | https://uabusinesssolution.com/services/ | https://uabusinesssolution.com/fba-wfs/ | https://uabusinesssolution.com/faqs/,
uabusinesssolution.com,https://uabusinesssolution.com/wp-includes/js/dist/hooks.min.js?ver=f0f188028580e8dc1255,asset,no,no,200,,,https://uabusinesssolution.com/wp-includes/js/dist/hooks.min.js?ver=f0f188028580e8dc1255,0,,,,yes,0.890,no,,https://uabusinesssolution.com/ | https://uabusinesssolution.com/about/ | https://uabusinesssolution.com/services/ | https://uabusinesssolution.com/fba-wfs/ | https://uabusinesssolution.com/faqs/,
uabusinesssolution.com,https://uabusinesssolution.com/wp-includes/js/dist/i18n.min.js?ver=1dfe7db3940c23ea9216,asset,no,no,200,,,https://uabusinesssolution.com/wp-includes/js/dist/i18n.min.js?ver=1dfe7db3940c23ea9216,0,,,,yes,0.894,no,,https://uabusinesssolution.com/ | https://uabusinesssolution.com/about/ | https://uabusinesssolution.com/services/ | https://uabusinesssolution.com/fba-wfs/ | https://uabusinesssolution.com/faqs/,
uabusinesssolution.com,https://uabusinesssolution.com/wp-content/plugins/metform/build/frontend/app/index.js?ver=6ea98acae644b20be40c,asset,no,no,200,,,https://uabusinesssolution.com/wp-content/plugins/metform/build/frontend/app/index.js?ver=6ea98acae644b20be40c,0,,,,yes,0.895,no,,https://uabusinesssolution.com/ | https://uabusinesssolution.com/about/ | https://uabusinesssolution.com/services/ | https://uabusinesssolution.com/fba-wfs/ | https://uabusinesssolution.com/faqs/,
uabusinesssolution.com,https://uabusinesssolution.com/wp-content/plugins/metform/build/frontend/widget-bootstrap/index.js?ver=b445a4677483b289f57b,asset,no,no,200,,,https://uabusinesssolution.com/wp-content/plugins/metform/build/frontend/widget-bootstrap/index.js?ver=b445a4677483b289f57b,0,,,,yes,0.920,no,,https://uabusinesssolution.com/ | https://uabusinesssolution.com/about/ | https://uabusinesssolution.com/services/ | https://uabusinesssolution.com/fba-wfs/ | https://uabusinesssolution.com/faqs/,
uabusinesssolution.com,https://uabusinesssolution.com/wp-content/plugins/metform/assets/libs/cute-alert/cute-alert.js?ver=4.3.1,asset,no,no,200,,,https://uabusinesssolution.com/wp-content/plugins/metform/assets/libs/cute-alert/cute-alert.js?ver=4.3.1,0,,,,yes,0.911,no,,https://uabusinesssolution.com/ | https://uabusinesssolution.com/about/ | https://uabusinesssolution.com/services/ | https://uabusinesssolution.com/fba-wfs/ | https://uabusinesssolution.com/faqs/,
uabusinesssolution.com,https://uabusinesssolution.com/wp-content/themes/hello-elementor/assets/js/hello-frontend.js?ver=3.5.1,asset,no,no,200,,,https://uabusinesssolution.com/wp-content/themes/hello-elementor/assets/js/hello-frontend.js?ver=3.5.1,0,,,,yes,0.906,no,,https://uabusinesssolution.com/ | https://uabusinesssolution.com/about/ | https://uabusinesssolution.com/services/ | https://uabusinesssolution.com/fba-wfs/ | https://uabusinesssolution.com/faqs/,
uabusinesssolution.com,https://uabusinesssolution.com/wp-content/plugins/happy-elementor-addons/assets/js/happy-addons.min.js?ver=3.50.0,asset,no,no,200,,,https://uabusinesssolution.com/wp-content/plugins/happy-elementor-addons/assets/js/happy-addons.min.js?ver=3.50.0,0,,,,yes,0.880,no,,https://uabusinesssolution.com/ | https://uabusinesssolution.com/about/ | https://uabusinesssolution.com/services/ | https://uabusinesssolution.com/fba-wfs/ | https://uabusinesssolution.com/faqs/,
uabusinesssolution.com,https://uabusinesssolution.com/wp-content/plugins/wp-whatsapp-chat/build/frontend/js/index.js?ver=ac88f0f73a8c4b7c6b8b,asset,no,no,200,,,https://uabusinesssolution.com/wp-content/plugins/wp-whatsapp-chat/build/frontend/js/index.js?ver=ac88f0f73a8c4b7c6b8b,0,,,,yes,0.900,no,,https://uabusinesssolution.com/ | https://uabusinesssolution.com/about/ | https://uabusinesssolution.com/services/ | https://uabusinesssolution.com/fba-wfs/ | https://uabusinesssolution.com/faqs/,
uabusinesssolution.com,https://uabusinesssolution.com/wp-content/plugins/jeg-elementor-kit/assets/js/tiny-slider/tiny-slider.js?ver=2.9.3,asset,no,no,200,,,https://uabusinesssolution.com/wp-content/plugins/jeg-elementor-kit/assets/js/tiny-slider/tiny-slider.js?ver=2.9.3,0,,,,yes,0.904,no,,https://uabusinesssolution.com/,
uabusinesssolution.com,https://uabusinesssolution.com/wp-content/plugins/jeg-elementor-kit/assets/js/elements/nav-menu.js?ver=3.2.20,asset,no,no,200,,,https://uabusinesssolution.com/wp-content/plugins/jeg-elementor-kit/assets/js/elements/nav-menu.js?ver=3.2.20,0,,,,yes,0.914,no,,https://uabusinesssolution.com/ | https://uabusinesssolution.com/about/ | https://uabusinesssolution.com/services/ | https://uabusinesssolution.com/fba-wfs/ | https://uabusinesssolution.com/faqs/,
uabusinesssolution.com,https://uabusinesssolution.com/wp-content/plugins/jeg-elementor-kit/assets/js/elements/client-logo.js?ver=3.2.20,asset,no,no,200,,,https://uabusinesssolution.com/wp-content/plugins/jeg-elementor-kit/assets/js/elements/client-logo.js?ver=3.2.20,0,,,,yes,0.931,no,,https://uabusinesssolution.com/,
uabusinesssolution.com,https://uabusinesssolution.com/wp-content/plugins/jeg-elementor-kit/assets/js/elements/testimonials.js?ver=3.2.20,asset,no,no,200,,,https://uabusinesssolution.com/wp-content/plugins/jeg-elementor-kit/assets/js/elements/testimonials.js?ver=3.2.20,0,,,,yes,0.919,no,,https://uabusinesssolution.com/,
uabusinesssolution.com,https://uabusinesssolution.com/wp-content/plugins/jeg-elementor-kit/assets/js/elements/accordion.js?ver=3.2.20,asset,no,no,200,,,https://uabusinesssolution.com/wp-content/plugins/jeg-elementor-kit/assets/js/elements/accordion.js?ver=3.2.20,0,,,,yes,0.890,no,,https://uabusinesssolution.com/ | https://uabusinesssolution.com/faqs/,
uabusinesssolution.com,https://uabusinesssolution.com/wp-content/plugins/jeg-elementor-kit/assets/js/elements/post-pagination.js?ver=3.2.20,asset,no,no,200,,,https://uabusinesssolution.com/wp-content/plugins/jeg-elementor-kit/assets/js/elements/post-pagination.js?ver=3.2.20,0,,,,yes,0.864,no,,https://uabusinesssolution.com/ | https://uabusinesssolution.com/about/ | https://uabusinesssolution.com/blogs/,
uabusinesssolution.com,https://uabusinesssolution.com/wp-content/plugins/elementor-pro/assets/js/webpack-pro.runtime.min.js?ver=3.31.2,asset,no,no,200,,,https://uabusinesssolution.com/wp-content/plugins/elementor-pro/assets/js/webpack-pro.runtime.min.js?ver=3.31.2,0,,,,yes,0.955,no,,https://uabusinesssolution.com/ | https://uabusinesssolution.com/about/ | https://uabusinesssolution.com/services/ | https://uabusinesssolution.com/fba-wfs/ | https://uabusinesssolution.com/faqs/,
uabusinesssolution.com,https://uabusinesssolution.com/wp-content/plugins/elementor-pro/assets/js/frontend.min.js?ver=3.31.2,asset,no,no,200,,,https://uabusinesssolution.com/wp-content/plugins/elementor-pro/assets/js/frontend.min.js?ver=3.31.2,0,,,,yes,0.939,no,,https://uabusinesssolution.com/ | https://uabusinesssolution.com/about/ | https://uabusinesssolution.com/services/ | https://uabusinesssolution.com/fba-wfs/ | https://uabusinesssolution.com/faqs/,
uabusinesssolution.com,https://uabusinesssolution.com/wp-content/plugins/elementor-pro/assets/js/elements-handlers.min.js?ver=3.31.2,asset,no,no,200,,,https://uabusinesssolution.com/wp-content/plugins/elementor-pro/assets/js/elements-handlers.min.js?ver=3.31.2,0,,,,yes,0.900,no,,https://uabusinesssolution.com/ | https://uabusinesssolution.com/about/ | https://uabusinesssolution.com/services/ | https://uabusinesssolution.com/fba-wfs/ | https://uabusinesssolution.com/faqs/,
uabusinesssolution.com,https://uabusinesssolution.com/wp-content/plugins/elementor/assets/lib/font-awesome/css/all.min.css?ver=4.3.2,asset,no,no,200,,,https://uabusinesssolution.com/wp-content/plugins/elementor/assets/lib/font-awesome/css/all.min.css?ver=4.3.2,0,,,,yes,0.893,no,,https://uabusinesssolution.com/ | https://uabusinesssolution.com/about/ | https://uabusinesssolution.com/services/ | https://uabusinesssolution.com/fba-wfs/ | https://uabusinesssolution.com/faqs/,
uabusinesssolution.com,https://uabusinesssolution.com/wp-content/plugins/elementor/assets/lib/font-awesome/css/v4-shims.min.css?ver=4.3.2,asset,no,no,200,,,https://uabusinesssolution.com/wp-content/plugins/elementor/assets/lib/font-awesome/css/v4-shims.min.css?ver=4.3.2,0,,,,yes,0.896,no,,https://uabusinesssolution.com/ | https://uabusinesssolution.com/about/ | https://uabusinesssolution.com/services/ | https://uabusinesssolution.com/fba-wfs/ | https://uabusinesssolution.com/faqs/,
uabusinesssolution.com,https://uabusinesssolution.com/wp-content/plugins/jeg-elementor-kit/assets/css/elements/main.css?ver=3.2.20,asset,no,no,200,,,https://uabusinesssolution.com/wp-content/plugins/jeg-elementor-kit/assets/css/elements/main.css?ver=3.2.20,0,,,,yes,0.923,no,,https://uabusinesssolution.com/ | https://uabusinesssolution.com/about/ | https://uabusinesssolution.com/services/ | https://uabusinesssolution.com/fba-wfs/ | https://uabusinesssolution.com/faqs/,
uabusinesssolution.com,https://uabusinesssolution.com/wp-content/plugins/elementor/assets/css/frontend.min.css?ver=4.3.2,asset,no,no,200,,,https://uabusinesssolution.com/wp-content/plugins/elementor/assets/css/frontend.min.css?ver=4.3.2,0,,,,yes,0.902,no,,https://uabusinesssolution.com/ | https://uabusinesssolution.com/about/ | https://uabusinesssolution.com/services/ | https://uabusinesssolution.com/fba-wfs/ | https://uabusinesssolution.com/faqs/,
uabusinesssolution.com,https://uabusinesssolution.com/wp-content/uploads/elementor/css/post-22.css?ver=1791080858,asset,no,no,200,,,https://uabusinesssolution.com/wp-content/uploads/elementor/css/post-22.css?ver=1791080858,0,,,,yes,0.924,no,,https://uabusinesssolution.com/ | https://uabusinesssolution.com/about/ | https://uabusinesssolution.com/services/ | https://uabusinesssolution.com/fba-wfs/ | https://uabusinesssolution.com/faqs/,
uabusinesssolution.com,https://uabusinesssolution.com/wp-content/plugins/elementor/assets/css/widget-heading.min.css?ver=4.3.2,asset,no,no,200,,,https://uabusinesssolution.com/wp-content/plugins/elementor/assets/css/widget-heading.min.css?ver=4.3.2,0,,,,yes,0.897,no,,https://uabusinesssolution.com/ | https://uabusinesssolution.com/about/ | https://uabusinesssolution.com/services/ | https://uabusinesssolution.com/fba-wfs/ | https://uabusinesssolution.com/faqs/,
uabusinesssolution.com,https://uabusinesssolution.com/wp-content/plugins/jeg-elementor-kit/assets/js/tiny-slider/tiny-slider.css?ver=2.9.3,asset,no,no,200,,,https://uabusinesssolution.com/wp-content/plugins/jeg-elementor-kit/assets/js/tiny-slider/tiny-slider.css?ver=2.9.3,0,,,,yes,0.897,no,,https://uabusinesssolution.com/,
uabusinesssolution.com,https://uabusinesssolution.com/wp-content/plugins/elementor/assets/css/widget-counter.min.css?ver=4.3.2,asset,no,no,200,,,https://uabusinesssolution.com/wp-content/plugins/elementor/assets/css/widget-counter.min.css?ver=4.3.2,0,,,,yes,0.945,no,,https://uabusinesssolution.com/ | https://uabusinesssolution.com/fba-wfs/ | https://uabusinesssolution.com/3pl-fbm/,
uabusinesssolution.com,https://uabusinesssolution.com/wp-content/plugins/elementor/assets/lib/animations/styles/fadeInLeft.min.css?ver=4.3.2,asset,no,no,200,,,https://uabusinesssolution.com/wp-content/plugins/elementor/assets/lib/animations/styles/fadeInLeft.min.css?ver=4.3.2,0,,,,yes,0.913,no,,https://uabusinesssolution.com/ | https://uabusinesssolution.com/about/ | https://uabusinesssolution.com/fba-wfs/ | https://uabusinesssolution.com/3pl-fbm/,
uabusinesssolution.com,https://uabusinesssolution.com/wp-content/plugins/elementor/assets/lib/animations/styles/zoomIn.min.css?ver=4.3.2,asset,no,no,200,,,https://uabusinesssolution.com/wp-content/plugins/elementor/assets/lib/animations/styles/zoomIn.min.css?ver=4.3.2,0,,,,yes,0.882,no,,https://uabusinesssolution.com/ | https://uabusinesssolution.com/about/ | https://uabusinesssolution.com/fba-wfs/ | https://uabusinesssolution.com/3pl-fbm/,
uabusinesssolution.com,https://uabusinesssolution.com/wp-content/plugins/elementor/assets/lib/animations/styles/fadeInRight.min.css?ver=4.3.2,asset,no,no,200,,,https://uabusinesssolution.com/wp-content/plugins/elementor/assets/lib/animations/styles/fadeInRight.min.css?ver=4.3.2,0,,,,yes,0.934,no,,https://uabusinesssolution.com/ | https://uabusinesssolution.com/about/ | https://uabusinesssolution.com/fba-wfs/ | https://uabusinesssolution.com/3pl-fbm/,
uabusinesssolution.com,https://uabusinesssolution.com/wp-content/plugins/elementor/assets/css/widget-image.min.css?ver=4.3.2,asset,no,no,200,,,https://uabusinesssolution.com/wp-content/plugins/elementor/assets/css/widget-image.min.css?ver=4.3.2,0,,,,yes,0.924,no,,https://uabusinesssolution.com/ | https://uabusinesssolution.com/about/ | https://uabusinesssolution.com/services/ | https://uabusinesssolution.com/fba-wfs/ | https://uabusinesssolution.com/faqs/,
uabusinesssolution.com,https://uabusinesssolution.com/wp-content/uploads/elementor/css/post-10.css?ver=1791080858,asset,no,no,200,,,https://uabusinesssolution.com/wp-content/uploads/elementor/css/post-10.css?ver=1791080858,0,,,,yes,0.920,no,,https://uabusinesssolution.com/,
uabusinesssolution.com,https://uabusinesssolution.com/wp-content/plugins/metform/build/styles/metform-ui.css?ver=9a68bf436d75ba90323b,asset,no,no,200,,,https://uabusinesssolution.com/wp-content/plugins/metform/build/styles/metform-ui.css?ver=9a68bf436d75ba90323b,0,,,,yes,0.882,no,,https://uabusinesssolution.com/,
uabusinesssolution.com,https://uabusinesssolution.com/wp-content/plugins/metform/build/frontend/app/index.css?ver=6ea98acae644b20be40c,asset,no,no,200,,,https://uabusinesssolution.com/wp-content/plugins/metform/build/frontend/app/index.css?ver=6ea98acae644b20be40c,0,,,,yes,0.888,no,,https://uabusinesssolution.com/,
uabusinesssolution.com,https://uabusinesssolution.com/wp-content/plugins/metform/assets/libs/cute-alert/style.css?ver=4.3.1,asset,no,no,200,,,https://uabusinesssolution.com/wp-content/plugins/metform/assets/libs/cute-alert/style.css?ver=4.3.1,0,,,,yes,0.951,no,,https://uabusinesssolution.com/ | https://uabusinesssolution.com/about/ | https://uabusinesssolution.com/services/ | https://uabusinesssolution.com/fba-wfs/ | https://uabusinesssolution.com/faqs/,
uabusinesssolution.com,https://uabusinesssolution.com/wp-content/plugins/metform/assets/libs/text-editor/text-editor.css?ver=4.3.1,asset,no,no,200,,,https://uabusinesssolution.com/wp-content/plugins/metform/assets/libs/text-editor/text-editor.css?ver=4.3.1,0,,,,yes,0.882,no,,https://uabusinesssolution.com/ | https://uabusinesssolution.com/about/ | https://uabusinesssolution.com/services/ | https://uabusinesssolution.com/fba-wfs/ | https://uabusinesssolution.com/faqs/,
uabusinesssolution.com,https://uabusinesssolution.com/wp-content/themes/hello-elementor/assets/css/reset.css?ver=3.5.1,asset,no,no,200,,,https://uabusinesssolution.com/wp-content/themes/hello-elementor/assets/css/reset.css?ver=3.5.1,0,,,,yes,0.902,no,,https://uabusinesssolution.com/ | https://uabusinesssolution.com/about/ | https://uabusinesssolution.com/services/ | https://uabusinesssolution.com/fba-wfs/ | https://uabusinesssolution.com/faqs/,
uabusinesssolution.com,https://uabusinesssolution.com/wp-content/themes/hello-elementor/assets/css/theme.css?ver=3.5.1,asset,no,no,200,,,https://uabusinesssolution.com/wp-content/themes/hello-elementor/assets/css/theme.css?ver=3.5.1,0,,,,yes,0.895,no,,https://uabusinesssolution.com/ | https://uabusinesssolution.com/about/ | https://uabusinesssolution.com/services/ | https://uabusinesssolution.com/fba-wfs/ | https://uabusinesssolution.com/faqs/,
uabusinesssolution.com,https://uabusinesssolution.com/wp-content/themes/hello-elementor/assets/css/header-footer.css?ver=3.5.1,asset,no,no,200,,,https://uabusinesssolution.com/wp-content/themes/hello-elementor/assets/css/header-footer.css?ver=3.5.1,0,,,,yes,0.875,no,,https://uabusinesssolution.com/ | https://uabusinesssolution.com/about/ | https://uabusinesssolution.com/services/ | https://uabusinesssolution.com/fba-wfs/ | https://uabusinesssolution.com/faqs/,
uabusinesssolution.com,https://uabusinesssolution.com/wp-content/plugins/elementor-pro/assets/css/widget-form.min.css?ver=3.31.2,asset,no,no,200,,,https://uabusinesssolution.com/wp-content/plugins/elementor-pro/assets/css/widget-form.min.css?ver=3.31.2,0,,,,yes,0.889,no,,https://uabusinesssolution.com/ | https://uabusinesssolution.com/about/ | https://uabusinesssolution.com/services/ | https://uabusinesssolution.com/fba-wfs/ | https://uabusinesssolution.com/faqs/,
uabusinesssolution.com,https://uabusinesssolution.com/wp-content/plugins/elementor/assets/lib/animations/styles/e-animation-shrink.min.css?ver=4.3.2,asset,no,no,200,,,https://uabusinesssolution.com/wp-content/plugins/elementor/assets/lib/animations/styles/e-animation-shrink.min.css?ver=4.3.2,0,,,,yes,0.882,no,,https://uabusinesssolution.com/ | https://uabusinesssolution.com/about/ | https://uabusinesssolution.com/services/ | https://uabusinesssolution.com/fba-wfs/ | https://uabusinesssolution.com/faqs/,
uabusinesssolution.com,https://uabusinesssolution.com/wp-content/plugins/elementor/assets/css/widget-social-icons.min.css?ver=4.3.2,asset,no,no,200,,,https://uabusinesssolution.com/wp-content/plugins/elementor/assets/css/widget-social-icons.min.css?ver=4.3.2,0,,,,yes,0.902,no,,https://uabusinesssolution.com/ | https://uabusinesssolution.com/about/ | https://uabusinesssolution.com/services/ | https://uabusinesssolution.com/fba-wfs/ | https://uabusinesssolution.com/faqs/,
uabusinesssolution.com,https://uabusinesssolution.com/wp-content/plugins/elementor/assets/css/conditionals/apple-webkit.min.css?ver=4.3.2,asset,no,no,200,,,https://uabusinesssolution.com/wp-content/plugins/elementor/assets/css/conditionals/apple-webkit.min.css?ver=4.3.2,0,,,,yes,0.928,no,,https://uabusinesssolution.com/ | https://uabusinesssolution.com/about/ | https://uabusinesssolution.com/services/ | https://uabusinesssolution.com/fba-wfs/ | https://uabusinesssolution.com/faqs/,
uabusinesssolution.com,https://uabusinesssolution.com/wp-content/plugins/elementor/assets/css/widget-icon-list.min.css?ver=4.3.2,asset,no,no,200,,,https://uabusinesssolution.com/wp-content/plugins/elementor/assets/css/widget-icon-list.min.css?ver=4.3.2,0,,,,yes,0.896,no,,https://uabusinesssolution.com/ | https://uabusinesssolution.com/about/ | https://uabusinesssolution.com/services/ | https://uabusinesssolution.com/fba-wfs/ | https://uabusinesssolution.com/faqs/,
uabusinesssolution.com,https://uabusinesssolution.com/wp-content/uploads/elementor/css/post-26.css?ver=1791080859,asset,no,no,200,,,https://uabusinesssolution.com/wp-content/uploads/elementor/css/post-26.css?ver=1791080859,0,,,,yes,0.898,no,,https://uabusinesssolution.com/ | https://uabusinesssolution.com/about/ | https://uabusinesssolution.com/services/ | https://uabusinesssolution.com/fba-wfs/ | https://uabusinesssolution.com/faqs/,
uabusinesssolution.com,https://uabusinesssolution.com/wp-content/plugins/happy-elementor-addons/assets/fonts/style.min.css?ver=3.50.0,asset,no,no,200,,,https://uabusinesssolution.com/wp-content/plugins/happy-elementor-addons/assets/fonts/style.min.css?ver=3.50.0,0,,,,yes,0.912,no,,https://uabusinesssolution.com/ | https://uabusinesssolution.com/about/ | https://uabusinesssolution.com/services/ | https://uabusinesssolution.com/fba-wfs/ | https://uabusinesssolution.com/faqs/,
uabusinesssolution.com,https://uabusinesssolution.com/wp-content/plugins/elementor/assets/lib/font-awesome/css/font-awesome.min.css?ver=4.7.0,asset,no,no,200,,,https://uabusinesssolution.com/wp-content/plugins/elementor/assets/lib/font-awesome/css/font-awesome.min.css?ver=4.7.0,0,,,,yes,0.906,no,,https://uabusinesssolution.com/ | https://uabusinesssolution.com/about/ | https://uabusinesssolution.com/services/ | https://uabusinesssolution.com/fba-wfs/ | https://uabusinesssolution.com/faqs/,
uabusinesssolution.com,https://uabusinesssolution.com/wp-content/uploads/elementor/css/post-33.css?ver=1791080859,asset,no,no,200,,,https://uabusinesssolution.com/wp-content/uploads/elementor/css/post-33.css?ver=1791080859,0,,,,yes,0.887,no,,https://uabusinesssolution.com/ | https://uabusinesssolution.com/about/ | https://uabusinesssolution.com/services/ | https://uabusinesssolution.com/fba-wfs/ | https://uabusinesssolution.com/faqs/,
uabusinesssolution.com,https://uabusinesssolution.com/wp-content/plugins/wp-whatsapp-chat/build/frontend/css/style.css?ver=8.6.4,asset,no,no,200,,,https://uabusinesssolution.com/wp-content/plugins/wp-whatsapp-chat/build/frontend/css/style.css?ver=8.6.4,0,,,,yes,0.951,no,,https://uabusinesssolution.com/ | https://uabusinesssolution.com/about/ | https://uabusinesssolution.com/services/ | https://uabusinesssolution.com/fba-wfs/ | https://uabusinesssolution.com/faqs/,
uabusinesssolution.com,https://uabusinesssolution.com/wp-content/uploads/elementor/google-fonts/css/akshar.css?ver=1756733296,asset,no,no,200,,,https://uabusinesssolution.com/wp-content/uploads/elementor/google-fonts/css/akshar.css?ver=1756733296,0,,,,yes,0.865,no,,https://uabusinesssolution.com/ | https://uabusinesssolution.com/about/ | https://uabusinesssolution.com/services/ | https://uabusinesssolution.com/fba-wfs/ | https://uabusinesssolution.com/faqs/,
uabusinesssolution.com,https://uabusinesssolution.com/wp-content/uploads/elementor/google-fonts/css/poppins.css?ver=1756732916,asset,no,no,200,,,https://uabusinesssolution.com/wp-content/uploads/elementor/google-fonts/css/poppins.css?ver=1756732916,0,,,,yes,0.955,no,,https://uabusinesssolution.com/ | https://uabusinesssolution.com/about/ | https://uabusinesssolution.com/services/ | https://uabusinesssolution.com/fba-wfs/ | https://uabusinesssolution.com/faqs/,
uabusinesssolution.com,https://uabusinesssolution.com/wp-content/plugins/jeg-elementor-kit/assets/fonts/jkiticon/jkiticon.css?ver=3.2.20,asset,no,no,200,,,https://uabusinesssolution.com/wp-content/plugins/jeg-elementor-kit/assets/fonts/jkiticon/jkiticon.css?ver=3.2.20,0,,,,yes,0.966,no,,https://uabusinesssolution.com/ | https://uabusinesssolution.com/about/ | https://uabusinesssolution.com/services/ | https://uabusinesssolution.com/fba-wfs/ | https://uabusinesssolution.com/faqs/,
uabusinesssolution.com,https://uabusinesssolution.com/wp-content/uploads/2025/09/cropped-Group-1-1-32x32.png,asset,no,no,200,,,https://uabusinesssolution.com/wp-content/uploads/2025/09/cropped-Group-1-1-32x32.png,0,,,,yes,0.870,no,,https://uabusinesssolution.com/ | https://uabusinesssolution.com/about/ | https://uabusinesssolution.com/services/ | https://uabusinesssolution.com/fba-wfs/ | https://uabusinesssolution.com/faqs/,
uabusinesssolution.com,https://uabusinesssolution.com/wp-content/uploads/2025/09/cropped-Group-1-1-192x192.png,asset,no,no,200,,,https://uabusinesssolution.com/wp-content/uploads/2025/09/cropped-Group-1-1-192x192.png,0,,,,yes,0.940,no,,https://uabusinesssolution.com/ | https://uabusinesssolution.com/about/ | https://uabusinesssolution.com/services/ | https://uabusinesssolution.com/fba-wfs/ | https://uabusinesssolution.com/faqs/,
uabusinesssolution.com,https://uabusinesssolution.com/wp-content/uploads/elementor/css/post-737.css?ver=1791080859,asset,no,no,200,,,https://uabusinesssolution.com/wp-content/uploads/elementor/css/post-737.css?ver=1791080859,0,,,,yes,0.889,no,,https://uabusinesssolution.com/ | https://uabusinesssolution.com/services/,
uabusinesssolution.com,https://uabusinesssolution.com/wp-content/uploads/elementor/css/post-728.css?ver=1791080859,asset,no,no,200,,,https://uabusinesssolution.com/wp-content/uploads/elementor/css/post-728.css?ver=1791080859,0,,,,yes,1.397,no,,https://uabusinesssolution.com/ | https://uabusinesssolution.com/about/,
uabusinesssolution.com,https://uabusinesssolution.com/wp-content/uploads/elementor/css/post-749.css?ver=1791080859,asset,no,no,200,,,https://uabusinesssolution.com/wp-content/uploads/elementor/css/post-749.css?ver=1791080859,0,,,,yes,0.913,no,,https://uabusinesssolution.com/ | https://uabusinesssolution.com/about/,
uabusinesssolution.com,https://uabusinesssolution.com/wp-content/uploads/elementor/css/post-449.css?ver=1791080859,asset,no,no,200,,,https://uabusinesssolution.com/wp-content/uploads/elementor/css/post-449.css?ver=1791080859,0,,,,yes,0.897,no,,https://uabusinesssolution.com/ | https://uabusinesssolution.com/fba-wfs/ | https://uabusinesssolution.com/3pl-fbm/,
uabusinesssolution.com,https://uabusinesssolution.com/wp-content/uploads/elementor/css/post-440.css?ver=1791080860,asset,no,no,200,,,https://uabusinesssolution.com/wp-content/uploads/elementor/css/post-440.css?ver=1791080860,0,,,,yes,0.879,no,,https://uabusinesssolution.com/ | https://uabusinesssolution.com/faqs/,
uabusinesssolution.com,https://uabusinesssolution.com/wp-content/uploads/elementor/css/post-431.css?ver=1791080860,asset,no,no,200,,,https://uabusinesssolution.com/wp-content/uploads/elementor/css/post-431.css?ver=1791080860,0,,,,yes,0.902,no,,https://uabusinesssolution.com/ | https://uabusinesssolution.com/about/,
uabusinesssolution.com,https://uabusinesssolution.com/wp-content/uploads/elementor/css/post-97.css?ver=1791080860,asset,no,no,200,,,https://uabusinesssolution.com/wp-content/uploads/elementor/css/post-97.css?ver=1791080860,0,,,,yes,0.913,no,,https://uabusinesssolution.com/ | https://uabusinesssolution.com/about/ | https://uabusinesssolution.com/services/ | https://uabusinesssolution.com/fba-wfs/ | https://uabusinesssolution.com/faqs/,
uabusinesssolution.com,https://uabusinesssolution.com/wp-content/plugins/elementor/assets/lib/animations/styles/fadeInUp.min.css?ver=4.3.2,asset,no,no,200,,,https://uabusinesssolution.com/wp-content/plugins/elementor/assets/lib/animations/styles/fadeInUp.min.css?ver=4.3.2,0,,,,yes,0.908,no,,https://uabusinesssolution.com/ | https://uabusinesssolution.com/about/ | https://uabusinesssolution.com/services/ | https://uabusinesssolution.com/fba-wfs/ | https://uabusinesssolution.com/faqs/,
uabusinesssolution.com,https://uabusinesssolution.com/wp-content/plugins/elementor-pro/assets/css/conditionals/popup.min.css?ver=3.31.2,asset,no,no,200,,,https://uabusinesssolution.com/wp-content/plugins/elementor-pro/assets/css/conditionals/popup.min.css?ver=3.31.2,0,,,,yes,0.925,no,,https://uabusinesssolution.com/ | https://uabusinesssolution.com/about/ | https://uabusinesssolution.com/services/ | https://uabusinesssolution.com/fba-wfs/ | https://uabusinesssolution.com/faqs/,
uabusinesssolution.com,https://uabusinesssolution.com/wp-content/uploads/2025/09/Design-Element-2-1-1024x971.png,asset,no,no,200,,,https://uabusinesssolution.com/wp-content/uploads/2025/09/Design-Element-2-1-1024x971.png,0,,,,yes,0.944,no,,https://uabusinesssolution.com/about/,
uabusinesssolution.com,https://uabusinesssolution.com/wp-content/uploads/2025/09/Design-Element-2-1-300x284.png,asset,no,no,200,,,https://uabusinesssolution.com/wp-content/uploads/2025/09/Design-Element-2-1-300x284.png,0,,,,yes,0.881,no,,https://uabusinesssolution.com/about/,
uabusinesssolution.com,https://uabusinesssolution.com/wp-content/uploads/2025/09/Design-Element-2-1-768x728.png,asset,no,no,200,,,https://uabusinesssolution.com/wp-content/uploads/2025/09/Design-Element-2-1-768x728.png,0,,,,yes,0.895,no,,https://uabusinesssolution.com/about/,
uabusinesssolution.com,https://uabusinesssolution.com/wp-content/uploads/2025/09/Design-Element-2-1.png,asset,no,no,200,,,https://uabusinesssolution.com/wp-content/uploads/2025/09/Design-Element-2-1.png,0,,,,yes,0.892,no,,https://uabusinesssolution.com/about/,
uabusinesssolution.com,https://uabusinesssolution.com/wp-content/uploads/2025/09/warehouse-1.png,asset,no,no,200,,,https://uabusinesssolution.com/wp-content/uploads/2025/09/warehouse-1.png,0,,,,yes,0.883,no,,https://uabusinesssolution.com/about/ | https://uabusinesssolution.com/fba-wfs/ | https://uabusinesssolution.com/3pl-fbm/,
uabusinesssolution.com,https://uabusinesssolution.com/wp-content/uploads/2025/09/warehouse-1-300x240.png,asset,no,no,200,,,https://uabusinesssolution.com/wp-content/uploads/2025/09/warehouse-1-300x240.png,0,,,,yes,0.908,no,,https://uabusinesssolution.com/about/ | https://uabusinesssolution.com/fba-wfs/ | https://uabusinesssolution.com/3pl-fbm/,
uabusinesssolution.com,https://uabusinesssolution.com/wp-content/uploads/2025/09/16.png,asset,no,no,200,,,https://uabusinesssolution.com/wp-content/uploads/2025/09/16.png,0,,,,yes,0.889,no,,https://uabusinesssolution.com/about/,
uabusinesssolution.com,https://uabusinesssolution.com/wp-content/uploads/2025/09/13-2.png,asset,no,no,200,,,https://uabusinesssolution.com/wp-content/uploads/2025/09/13-2.png,0,,,,yes,0.940,no,,https://uabusinesssolution.com/about/,
uabusinesssolution.com,https://uabusinesssolution.com/wp-content/uploads/2025/09/14.png,asset,no,no,200,,,https://uabusinesssolution.com/wp-content/uploads/2025/09/14.png,0,,,,yes,0.884,no,,https://uabusinesssolution.com/about/,
uabusinesssolution.com,https://uabusinesssolution.com/wp-content/uploads/2025/09/15.png,asset,no,no,200,,,https://uabusinesssolution.com/wp-content/uploads/2025/09/15.png,0,,,,yes,0.867,no,,https://uabusinesssolution.com/about/,
uabusinesssolution.com,https://uabusinesssolution.com/wp-content/uploads/elementor/css/post-11.css?ver=1791108845,asset,no,no,200,,,https://uabusinesssolution.com/wp-content/uploads/elementor/css/post-11.css?ver=1791108845,0,,,,yes,0.896,no,,https://uabusinesssolution.com/about/,
uabusinesssolution.com,https://uabusinesssolution.com/wp-content/uploads/elementor/css/post-12.css?ver=1791108846,asset,no,no,200,,,https://uabusinesssolution.com/wp-content/uploads/elementor/css/post-12.css?ver=1791108846,0,,,,yes,0.883,no,,https://uabusinesssolution.com/services/,
uabusinesssolution.com,https://uabusinesssolution.com/wp-content/uploads/2025/09/FBM-1.png,asset,no,no,200,,,https://uabusinesssolution.com/wp-content/uploads/2025/09/FBM-1.png,0,,,,yes,0.886,no,,https://uabusinesssolution.com/fba-wfs/,
uabusinesssolution.com,https://uabusinesssolution.com/wp-content/uploads/2025/09/fbm-2.png,asset,no,no,200,,,https://uabusinesssolution.com/wp-content/uploads/2025/09/fbm-2.png,0,,,,yes,0.998,no,,https://uabusinesssolution.com/fba-wfs/,
uabusinesssolution.com,https://uabusinesssolution.com/wp-content/uploads/2025/09/fbm-2-176x300.png,asset,no,no,200,,,https://uabusinesssolution.com/wp-content/uploads/2025/09/fbm-2-176x300.png,0,,,,yes,0.882,no,,https://uabusinesssolution.com/fba-wfs/,
uabusinesssolution.com,https://uabusinesssolution.com/wp-content/uploads/2025/09/fbm-3.png,asset,no,no,200,,,https://uabusinesssolution.com/wp-content/uploads/2025/09/fbm-3.png,0,,,,yes,0.904,no,,https://uabusinesssolution.com/fba-wfs/,
uabusinesssolution.com,https://uabusinesssolution.com/wp-content/uploads/2025/09/fbm-3-300x193.png,asset,no,no,200,,,https://uabusinesssolution.com/wp-content/uploads/2025/09/fbm-3-300x193.png,0,,,,yes,0.905,no,,https://uabusinesssolution.com/fba-wfs/,
uabusinesssolution.com,https://uabusinesssolution.com/wp-content/uploads/2025/09/3PL-FBM.png,asset,no,no,200,,,https://uabusinesssolution.com/wp-content/uploads/2025/09/3PL-FBM.png,0,,,,yes,0.917,no,,https://uabusinesssolution.com/fba-wfs/ | https://uabusinesssolution.com/3pl-fbm/,
uabusinesssolution.com,https://uabusinesssolution.com/wp-content/uploads/2025/09/3PL-FBM-300x167.png,asset,no,no,200,,,https://uabusinesssolution.com/wp-content/uploads/2025/09/3PL-FBM-300x167.png,0,,,,yes,0.881,no,,https://uabusinesssolution.com/fba-wfs/ | https://uabusinesssolution.com/3pl-fbm/,
uabusinesssolution.com,https://uabusinesssolution.com/wp-content/uploads/2025/09/9-1.png,asset,no,no,200,,,https://uabusinesssolution.com/wp-content/uploads/2025/09/9-1.png,0,,,,yes,0.896,no,,https://uabusinesssolution.com/fba-wfs/,
uabusinesssolution.com,https://uabusinesssolution.com/wp-content/uploads/2025/09/10-2.png,asset,no,no,200,,,https://uabusinesssolution.com/wp-content/uploads/2025/09/10-2.png,0,,,,yes,0.900,no,,https://uabusinesssolution.com/fba-wfs/,
uabusinesssolution.com,https://uabusinesssolution.com/wp-content/uploads/2025/09/11-2.png,asset,no,no,200,,,https://uabusinesssolution.com/wp-content/uploads/2025/09/11-2.png,0,,,,yes,0.878,no,,https://uabusinesssolution.com/fba-wfs/,
uabusinesssolution.com,https://uabusinesssolution.com/wp-content/uploads/2025/09/12-2.png,asset,no,no,200,,,https://uabusinesssolution.com/wp-content/uploads/2025/09/12-2.png,0,,,,yes,0.902,no,,https://uabusinesssolution.com/fba-wfs/,
uabusinesssolution.com,https://uabusinesssolution.com/wp-content/plugins/elementor/assets/lib/animations/styles/e-animation-buzz-out.min.css?ver=4.3.2,asset,no,no,200,,,https://uabusinesssolution.com/wp-content/plugins/elementor/assets/lib/animations/styles/e-animation-buzz-out.min.css?ver=4.3.2,0,,,,yes,0.891,no,,https://uabusinesssolution.com/fba-wfs/ | https://uabusinesssolution.com/3pl-fbm/,
uabusinesssolution.com,https://uabusinesssolution.com/wp-content/plugins/elementor/assets/css/widget-image-box.min.css?ver=4.3.2,asset,no,no,200,,,https://uabusinesssolution.com/wp-content/plugins/elementor/assets/css/widget-image-box.min.css?ver=4.3.2,0,,,,yes,0.896,no,,https://uabusinesssolution.com/fba-wfs/ | https://uabusinesssolution.com/3pl-fbm/,
uabusinesssolution.com,https://uabusinesssolution.com/wp-content/uploads/elementor/css/post-163.css?ver=1791138635,asset,no,no,200,,,https://uabusinesssolution.com/wp-content/uploads/elementor/css/post-163.css?ver=1791138635,0,,,,yes,0.896,no,,https://uabusinesssolution.com/fba-wfs/,
uabusinesssolution.com,https://uabusinesssolution.com/wp-content/uploads/elementor/css/post-283.css?ver=1791138635,asset,no,no,200,,,https://uabusinesssolution.com/wp-content/uploads/elementor/css/post-283.css?ver=1791138635,0,,,,yes,0.868,no,,https://uabusinesssolution.com/fba-wfs/ | https://uabusinesssolution.com/3pl-fbm/,
uabusinesssolution.com,https://uabusinesssolution.com/wp-content/uploads/elementor/css/post-286.css?ver=1791138635,asset,no,no,200,,,https://uabusinesssolution.com/wp-content/uploads/elementor/css/post-286.css?ver=1791138635,0,,,,yes,0.884,no,,https://uabusinesssolution.com/fba-wfs/ | https://uabusinesssolution.com/3pl-fbm/,
uabusinesssolution.com,https://uabusinesssolution.com/wp-content/uploads/elementor/css/post-156.css?ver=1791138636,asset,no,no,200,,,https://uabusinesssolution.com/wp-content/uploads/elementor/css/post-156.css?ver=1791138636,0,,,,yes,0.889,no,,https://uabusinesssolution.com/faqs/,
uabusinesssolution.com,https://uabusinesssolution.com/wp-content/uploads/2025/09/1-1.png,asset,no,no,200,,,https://uabusinesssolution.com/wp-content/uploads/2025/09/1-1.png,0,,,,yes,0.904,no,,https://uabusinesssolution.com/3pl-fbm/,
uabusinesssolution.com,https://uabusinesssolution.com/wp-content/uploads/2025/09/2-1.png,asset,no,no,200,,,https://uabusinesssolution.com/wp-content/uploads/2025/09/2-1.png,0,,,,yes,0.893,no,,https://uabusinesssolution.com/3pl-fbm/,
uabusinesssolution.com,https://uabusinesssolution.com/wp-content/uploads/2025/09/3pl-1.png,asset,no,no,200,,,https://uabusinesssolution.com/wp-content/uploads/2025/09/3pl-1.png,0,,,,yes,0.921,no,,https://uabusinesssolution.com/3pl-fbm/,
uabusinesssolution.com,https://uabusinesssolution.com/wp-content/uploads/2025/09/3pl-2.png,asset,no,no,200,,,https://uabusinesssolution.com/wp-content/uploads/2025/09/3pl-2.png,0,,,,yes,0.875,no,,https://uabusinesssolution.com/3pl-fbm/,
uabusinesssolution.com,https://uabusinesssolution.com/wp-content/uploads/2025/09/3pl-2-176x300.png,asset,no,no,200,,,https://uabusinesssolution.com/wp-content/uploads/2025/09/3pl-2-176x300.png,0,,,,yes,0.936,no,,https://uabusinesssolution.com/3pl-fbm/,
uabusinesssolution.com,https://uabusinesssolution.com/wp-content/uploads/2025/09/3pl-3.png,asset,no,no,200,,,https://uabusinesssolution.com/wp-content/uploads/2025/09/3pl-3.png,0,,,,yes,0.885,no,,https://uabusinesssolution.com/3pl-fbm/,
uabusinesssolution.com,https://uabusinesssolution.com/wp-content/uploads/2025/09/3pl-3-300x193.png,asset,no,no,200,,,https://uabusinesssolution.com/wp-content/uploads/2025/09/3pl-3-300x193.png,0,,,,yes,0.902,no,,https://uabusinesssolution.com/3pl-fbm/,
uabusinesssolution.com,https://uabusinesssolution.com/wp-content/uploads/2025/09/newlogo-1536x447.png,asset,no,no,200,,,https://uabusinesssolution.com/wp-content/uploads/2025/09/newlogo-1536x447.png,0,,,,yes,0.919,no,,https://uabusinesssolution.com/ | https://uabusinesssolution.com/about/ | https://uabusinesssolution.com/services/ | https://uabusinesssolution.com/fba-wfs/ | https://uabusinesssolution.com/faqs/,
exosint.com,https://exosint.com/,page,no,no,200,,,https://exosint.com/,0,,,,yes,1.416,no,https://exosint.com/,,
exosint.com,https://exosint.com/about/,page,no,no,200,,,https://exosint.com/about/,0,,,,yes,0.511,no,https://exosint.com/about/,https://exosint.com/,
exosint.com,https://exosint.com/services/,page,no,no,200,,,https://exosint.com/services/,0,,,,yes,1.305,no,https://exosint.com/services/,https://exosint.com/ | https://exosint.com/about/,
exosint.com,https://exosint.com/wp-content/uploads/2026/09/bfd90925-d37c-43b0-82f4-def38afab5d4-removebg-preview-e1789565135493.webp,asset,no,no,200,,,https://exosint.com/wp-content/uploads/2026/09/bfd90925-d37c-43b0-82f4-def38afab5d4-removebg-preview-e1789565135493.webp,0,,,,yes,0.233,no,,https://exosint.com/ | https://exosint.com/about/ | https://exosint.com/services/,
exosint.com,https://exosint.com/contact-us/,page,no,no,200,,,https://exosint.com/contact-us/,0,,,,yes,1.385,no,https://exosint.com/contact-us/,https://exosint.com/ | https://exosint.com/about/ | https://exosint.com/services/,
exosint.com,https://exosint.com/wp-content/uploads/2026/09/bfd90925-d37c-43b0-82f4-def38afab5d4-removebg-preview-e1789565135493-300x241.webp,asset,no,no,200,,,https://exosint.com/wp-content/uploads/2026/09/bfd90925-d37c-43b0-82f4-def38afab5d4-removebg-preview-e1789565135493-300x241.webp,0,,,,yes,0.235,no,,https://exosint.com/ | https://exosint.com/about/ | https://exosint.com/services/ | https://exosint.com/contact-us/,
exosint.com,https://exosint.com/contact/,page,no,yes,200,,,https://exosint.com/contact-us/,1,attention,https://exosint.com/contact-us/,301 https://exosint.com/contact/ → https://exosint.com/contact-us/ | 200 https://exosint.com/contact-us/,yes,1.600,no,https://exosint.com/contact-us/,https://exosint.com/ | https://exosint.com/about/ | https://exosint.com/services/ | https://exosint.com/contact-us/,
exosint.com,https://exosint.com/wp-content/uploads/2026/09/white-logo-e1789568427118-1024x908.webp,asset,no,no,200,,,https://exosint.com/wp-content/uploads/2026/09/white-logo-e1789568427118-1024x908.webp,0,,,,yes,1.135,no,,https://exosint.com/ | https://exosint.com/about/ | https://exosint.com/services/ | https://exosint.com/contact-us/ | https://exosint.com/contact/,
exosint.com,https://exosint.com/wp-content/uploads/2026/09/white-logo-e1789568427118-300x266.webp,asset,no,no,200,,,https://exosint.com/wp-content/uploads/2026/09/white-logo-e1789568427118-300x266.webp,0,,,,yes,0.401,no,,https://exosint.com/ | https://exosint.com/about/ | https://exosint.com/services/ | https://exosint.com/contact-us/ | https://exosint.com/contact/,
exosint.com,https://exosint.com/wp-content/uploads/2026/09/white-logo-e1789568427118-768x681.webp,asset,no,no,200,,,https://exosint.com/wp-content/uploads/2026/09/white-logo-e1789568427118-768x681.webp,0,,,,yes,1.446,no,,https://exosint.com/ | https://exosint.com/about/ | https://exosint.com/services/ | https://exosint.com/contact-us/ | https://exosint.com/contact/,
exosint.com,https://exosint.com/wp-includes/js/jquery/jquery.min.js?ver=3.7.1,asset,no,no,200,,,https://exosint.com/wp-includes/js/jquery/jquery.min.js?ver=3.7.1,0,,,,yes,0.910,no,,https://exosint.com/ | https://exosint.com/about/ | https://exosint.com/services/ | https://exosint.com/contact-us/ | https://exosint.com/contact/,
exosint.com,https://exosint.com/wp-includes/js/jquery/jquery-migrate.min.js?ver=3.4.1,asset,no,no,200,,,https://exosint.com/wp-includes/js/jquery/jquery-migrate.min.js?ver=3.4.1,0,,,,yes,0.909,no,,https://exosint.com/ | https://exosint.com/about/ | https://exosint.com/services/ | https://exosint.com/contact-us/ | https://exosint.com/contact/,
exosint.com,https://exosint.com/wp-content/themes/hello-elementor/assets/js/hello-frontend.js?ver=3.5.1,asset,no,no,200,,,https://exosint.com/wp-content/themes/hello-elementor/assets/js/hello-frontend.js?ver=3.5.1,0,,,,yes,0.971,no,,https://exosint.com/ | https://exosint.com/about/ | https://exosint.com/services/ | https://exosint.com/contact-us/ | https://exosint.com/contact/,
exosint.com,https://exosint.com/wp-content/plugins/elementor/assets/js/webpack.runtime.min.js?ver=4.3.1,asset,no,no,200,,,https://exosint.com/wp-content/plugins/elementor/assets/js/webpack.runtime.min.js?ver=4.3.1,0,,,,yes,0.939,no,,https://exosint.com/ | https://exosint.com/about/ | https://exosint.com/services/ | https://exosint.com/contact-us/ | https://exosint.com/contact/,
exosint.com,https://exosint.com/wp-content/plugins/elementor/assets/js/frontend-modules.min.js?ver=4.3.1,asset,no,no,200,,,https://exosint.com/wp-content/plugins/elementor/assets/js/frontend-modules.min.js?ver=4.3.1,0,,,,yes,0.949,no,,https://exosint.com/ | https://exosint.com/about/ | https://exosint.com/services/ | https://exosint.com/contact-us/ | https://exosint.com/contact/,
exosint.com,https://exosint.com/wp-includes/js/jquery/ui/core.min.js?ver=1.14.2,asset,no,no,200,,,https://exosint.com/wp-includes/js/jquery/ui/core.min.js?ver=1.14.2,0,,,,yes,0.923,no,,https://exosint.com/ | https://exosint.com/about/ | https://exosint.com/services/ | https://exosint.com/contact-us/ | https://exosint.com/contact/,
exosint.com,https://exosint.com/wp-content/plugins/elementor/assets/js/frontend.min.js?ver=4.3.1,asset,no,no,200,,,https://exosint.com/wp-content/plugins/elementor/assets/js/frontend.min.js?ver=4.3.1,0,,,,yes,1.132,no,,https://exosint.com/ | https://exosint.com/about/ | https://exosint.com/services/ | https://exosint.com/contact-us/ | https://exosint.com/contact/,
exosint.com,https://exosint.com/wp-content/plugins/elementor-pro/assets/lib/smartmenus/jquery.smartmenus.min.js?ver=1.2.1,asset,no,no,200,,,https://exosint.com/wp-content/plugins/elementor-pro/assets/lib/smartmenus/jquery.smartmenus.min.js?ver=1.2.1,0,,,,yes,1.105,no,,https://exosint.com/ | https://exosint.com/about/ | https://exosint.com/services/ | https://exosint.com/contact-us/ | https://exosint.com/contact/,
exosint.com,https://exosint.com/wp-content/plugins/elementor-pro/assets/lib/sticky/jquery.sticky.min.js?ver=4.2.3,asset,no,no,200,,,https://exosint.com/wp-content/plugins/elementor-pro/assets/lib/sticky/jquery.sticky.min.js?ver=4.2.3,0,,,,yes,0.919,no,,https://exosint.com/ | https://exosint.com/about/ | https://exosint.com/services/ | https://exosint.com/contact-us/ | https://exosint.com/contact/,
exosint.com,https://exosint.com/wp-content/plugins/elementor-pro/assets/js/webpack-pro.runtime.min.js?ver=4.2.3,asset,no,no,200,,,https://exosint.com/wp-content/plugins/elementor-pro/assets/js/webpack-pro.runtime.min.js?ver=4.2.3,0,,,,yes,0.923,no,,https://exosint.com/ | https://exosint.com/about/ | https://exosint.com/services/ | https://exosint.com/contact-us/ | https://exosint.com/contact/,
exosint.com,https://exosint.com/wp-includes/js/dist/hooks.min.js?ver=f0f188028580e8dc1255,asset,no,no,200,,,https://exosint.com/wp-includes/js/dist/hooks.min.js?ver=f0f188028580e8dc1255,0,,,,yes,0.893,no,,https://exosint.com/ | https://exosint.com/about/ | https://exosint.com/services/ | https://exosint.com/contact-us/ | https://exosint.com/contact/,
exosint.com,https://exosint.com/wp-includes/js/dist/i18n.min.js?ver=1dfe7db3940c23ea9216,asset,no,no,200,,,https://exosint.com/wp-includes/js/dist/i18n.min.js?ver=1dfe7db3940c23ea9216,0,,,,yes,0.904,no,,https://exosint.com/ | https://exosint.com/about/ | https://exosint.com/services/ | https://exosint.com/contact-us/ | https://exosint.com/contact/,
exosint.com,https://exosint.com/wp-content/plugins/elementor-pro/assets/js/frontend.min.js?ver=4.2.3,asset,no,no,200,,,https://exosint.com/wp-content/plugins/elementor-pro/assets/js/frontend.min.js?ver=4.2.3,0,,,,yes,1.140,no,,https://exosint.com/ | https://exosint.com/about/ | https://exosint.com/services/ | https://exosint.com/contact-us/ | https://exosint.com/contact/,
exosint.com,https://exosint.com/wp-content/plugins/elementor-pro/assets/js/elements-handlers.min.js?ver=4.2.3,asset,no,no,200,,,https://exosint.com/wp-content/plugins/elementor-pro/assets/js/elements-handlers.min.js?ver=4.2.3,0,,,,yes,1.112,no,,https://exosint.com/ | https://exosint.com/about/ | https://exosint.com/services/ | https://exosint.com/contact-us/ | https://exosint.com/contact/,
exosint.com,https://exosint.com/wp-content/themes/hello-elementor/assets/css/reset.css?ver=3.5.1,asset,no,no,200,,,https://exosint.com/wp-content/themes/hello-elementor/assets/css/reset.css?ver=3.5.1,0,,,,yes,1.096,no,,https://exosint.com/ | https://exosint.com/about/ | https://exosint.com/services/ | https://exosint.com/contact-us/ | https://exosint.com/contact/,
exosint.com,https://exosint.com/wp-content/themes/hello-elementor/assets/css/theme.css?ver=3.5.1,asset,no,no,200,,,https://exosint.com/wp-content/themes/hello-elementor/assets/css/theme.css?ver=3.5.1,0,,,,yes,0.908,no,,https://exosint.com/ | https://exosint.com/about/ | https://exosint.com/services/ | https://exosint.com/contact-us/ | https://exosint.com/contact/,
exosint.com,https://exosint.com/wp-content/themes/hello-elementor/assets/css/header-footer.css?ver=3.5.1,asset,no,no,200,,,https://exosint.com/wp-content/themes/hello-elementor/assets/css/header-footer.css?ver=3.5.1,0,,,,yes,0.902,no,,https://exosint.com/ | https://exosint.com/about/ | https://exosint.com/services/ | https://exosint.com/contact-us/ | https://exosint.com/contact/,
exosint.com,https://exosint.com/wp-content/plugins/elementor/assets/css/frontend.min.css?ver=4.3.1,asset,no,no,200,,,https://exosint.com/wp-content/plugins/elementor/assets/css/frontend.min.css?ver=4.3.1,0,,,,yes,0.924,no,,https://exosint.com/ | https://exosint.com/about/ | https://exosint.com/services/ | https://exosint.com/contact-us/ | https://exosint.com/contact/,
exosint.com,https://exosint.com/wp-content/uploads/elementor/css/post-7.css?ver=1790677238,asset,no,no,200,,,https://exosint.com/wp-content/uploads/elementor/css/post-7.css?ver=1790677238,0,,,,yes,0.933,no,,https://exosint.com/ | https://exosint.com/about/ | https://exosint.com/services/ | https://exosint.com/contact-us/ | https://exosint.com/contact/,
exosint.com,https://exosint.com/wp-content/plugins/elementor/assets/css/widget-image.min.css?ver=4.3.1,asset,no,no,200,,,https://exosint.com/wp-content/plugins/elementor/assets/css/widget-image.min.css?ver=4.3.1,0,,,,yes,0.932,no,,https://exosint.com/ | https://exosint.com/about/ | https://exosint.com/services/ | https://exosint.com/contact-us/ | https://exosint.com/contact/,
exosint.com,https://exosint.com/wp-content/plugins/elementor-pro/assets/css/widget-nav-menu.min.css?ver=4.2.3,asset,no,no,200,,,https://exosint.com/wp-content/plugins/elementor-pro/assets/css/widget-nav-menu.min.css?ver=4.2.3,0,,,,yes,0.917,no,,https://exosint.com/ | https://exosint.com/about/ | https://exosint.com/services/ | https://exosint.com/contact-us/ | https://exosint.com/contact/,
exosint.com,https://exosint.com/wp-content/plugins/elementor-pro/assets/css/modules/sticky.min.css?ver=4.2.3,asset,no,no,200,,,https://exosint.com/wp-content/plugins/elementor-pro/assets/css/modules/sticky.min.css?ver=4.2.3,0,,,,yes,0.953,no,,https://exosint.com/ | https://exosint.com/about/ | https://exosint.com/services/ | https://exosint.com/contact-us/ | https://exosint.com/contact/,
exosint.com,https://exosint.com/wp-content/plugins/elementor/assets/css/widget-heading.min.css?ver=4.3.1,asset,no,no,200,,,https://exosint.com/wp-content/plugins/elementor/assets/css/widget-heading.min.css?ver=4.3.1,0,,,,yes,0.911,no,,https://exosint.com/ | https://exosint.com/about/ | https://exosint.com/services/ | https://exosint.com/contact-us/ | https://exosint.com/contact/,
exosint.com,https://exosint.com/wp-content/plugins/elementor/assets/css/widget-spacer.min.css?ver=4.3.1,asset,no,no,200,,,https://exosint.com/wp-content/plugins/elementor/assets/css/widget-spacer.min.css?ver=4.3.1,0,,,,yes,0.990,no,,https://exosint.com/ | https://exosint.com/about/ | https://exosint.com/services/ | https://exosint.com/contact-us/ | https://exosint.com/contact/,
exosint.com,https://exosint.com/wp-content/plugins/elementor/assets/css/widget-icon-list.min.css?ver=4.3.1,asset,no,no,200,,,https://exosint.com/wp-content/plugins/elementor/assets/css/widget-icon-list.min.css?ver=4.3.1,0,,,,yes,0.878,no,,https://exosint.com/ | https://exosint.com/about/ | https://exosint.com/services/ | https://exosint.com/contact-us/ | https://exosint.com/contact/,
exosint.com,https://exosint.com/wp-content/plugins/elementor/assets/lib/animations/styles/fadeInUp.min.css?ver=4.3.1,asset,no,no,200,,,https://exosint.com/wp-content/plugins/elementor/assets/lib/animations/styles/fadeInUp.min.css?ver=4.3.1,0,,,,yes,0.956,no,,https://exosint.com/ | https://exosint.com/about/ | https://exosint.com/services/ | https://exosint.com/contact-us/ | https://exosint.com/contact/,
exosint.com,https://exosint.com/wp-content/plugins/elementor/assets/css/widget-icon-box.min.css?ver=4.3.1,asset,no,no,200,,,https://exosint.com/wp-content/plugins/elementor/assets/css/widget-icon-box.min.css?ver=4.3.1,0,,,,yes,0.904,no,,https://exosint.com/ | https://exosint.com/about/ | https://exosint.com/services/ | https://exosint.com/contact-us/ | https://exosint.com/contact/,
exosint.com,https://exosint.com/wp-content/plugins/elementor/assets/css/widget-progress.min.css?ver=4.3.1,asset,no,no,200,,,https://exosint.com/wp-content/plugins/elementor/assets/css/widget-progress.min.css?ver=4.3.1,0,,,,yes,0.949,no,,https://exosint.com/,
exosint.com,https://exosint.com/wp-content/uploads/elementor/css/post-12.css?ver=1790677483,asset,no,no,200,,,https://exosint.com/wp-content/uploads/elementor/css/post-12.css?ver=1790677483,0,,,,yes,0.945,no,,https://exosint.com/,
exosint.com,http://exosint.com/wp-content/uploads/elementor/css/base-desktop.css?ver=6abb90f698688,asset,no,no,200,,,https://exosint.com/wp-content/uploads/elementor/css/base-desktop.css?ver=6abb90f698688,1,expected,https://exosint.com/wp-content/uploads/elementor/css/base-desktop.css?ver=6abb90f698688,301 http://exosint.com/wp-content/uploads/elementor/css/base-desktop.css?ver=6abb90f698688 → https://exosint.com/wp-content/uploads/elementor/css/base-desktop.css?ver=6abb90f698688 | 200 https://exosint.com/wp-content/uploads/elementor/css/base-desktop.css?ver=6abb90f698688,yes,1.392,no,,https://exosint.com/ | https://exosint.com/about/ | https://exosint.com/services/ | https://exosint.com/contact-us/ | https://exosint.com/contact/,
exosint.com,https://exosint.com/wp-content/uploads/elementor/css/post-22.css?ver=1790677238,asset,no,no,200,,,https://exosint.com/wp-content/uploads/elementor/css/post-22.css?ver=1790677238,0,,,,yes,0.921,no,,https://exosint.com/ | https://exosint.com/about/ | https://exosint.com/services/ | https://exosint.com/contact-us/ | https://exosint.com/contact/,
exosint.com,http://exosint.com/wp-content/uploads/elementor/css/base-mobile.css?ver=6abb90f698688,asset,no,no,200,,,https://exosint.com/wp-content/uploads/elementor/css/base-mobile.css?ver=6abb90f698688,1,expected,https://exosint.com/wp-content/uploads/elementor/css/base-mobile.css?ver=6abb90f698688,301 http://exosint.com/wp-content/uploads/elementor/css/base-mobile.css?ver=6abb90f698688 → https://exosint.com/wp-content/uploads/elementor/css/base-mobile.css?ver=6abb90f698688 | 200 https://exosint.com/wp-content/uploads/elementor/css/base-mobile.css?ver=6abb90f698688,yes,1.390,no,,https://exosint.com/ | https://exosint.com/about/ | https://exosint.com/services/ | https://exosint.com/contact-us/ | https://exosint.com/contact/,
exosint.com,https://exosint.com/wp-content/uploads/elementor/css/post-42.css?ver=1790677238,asset,no,no,200,,,https://exosint.com/wp-content/uploads/elementor/css/post-42.css?ver=1790677238,0,,,,yes,0.942,no,,https://exosint.com/ | https://exosint.com/about/ | https://exosint.com/services/ | https://exosint.com/contact-us/ | https://exosint.com/contact/,
exosint.com,https://exosint.com/wp-content/uploads/elementor/css/post-13.css?ver=1790817823,asset,no,no,200,,,https://exosint.com/wp-content/uploads/elementor/css/post-13.css?ver=1790817823,0,,,,yes,0.908,no,,https://exosint.com/about/,
exosint.com,https://exosint.com/wp-content/uploads/elementor/css/post-14.css?ver=1790865686,asset,no,no,200,,,https://exosint.com/wp-content/uploads/elementor/css/post-14.css?ver=1790865686,0,,,,yes,0.888,no,,https://exosint.com/services/,
exosint.com,https://exosint.com/wp-content/plugins/elementor-pro/assets/css/widget-form.min.css?ver=4.2.3,asset,no,no,200,,,https://exosint.com/wp-content/plugins/elementor-pro/assets/css/widget-form.min.css?ver=4.2.3,0,,,,yes,0.899,no,,https://exosint.com/contact-us/ | https://exosint.com/contact/,
exosint.com,https://exosint.com/wp-content/plugins/elementor/assets/css/widget-google_maps.min.css?ver=4.3.1,asset,no,no,200,,,https://exosint.com/wp-content/plugins/elementor/assets/css/widget-google_maps.min.css?ver=4.3.1,0,,,,yes,0.886,no,,https://exosint.com/contact-us/ | https://exosint.com/contact/,
exosint.com,https://exosint.com/wp-content/uploads/elementor/css/post-15.css?ver=1790684959,asset,no,no,200,,,https://exosint.com/wp-content/uploads/elementor/css/post-15.css?ver=1790684959,0,,,,yes,0.934,no,,https://exosint.com/contact-us/ | https://exosint.com/contact/,
exosint.com,https://exosint.com/wp-content/uploads/2026/09/white-logo-e1789568427118.webp,asset,no,no,200,,,https://exosint.com/wp-content/uploads/2026/09/white-logo-e1789568427118.webp,0,,,,yes,0.951,no,,https://exosint.com/ | https://exosint.com/about/ | https://exosint.com/services/ | https://exosint.com/contact-us/ | https://exosint.com/contact/,
exoshubgroup.com,https://exoshubgroup.com/,page,no,no,200,,,https://exoshubgroup.com/,0,,,,yes,0.780,no,https://exoshubgroup.com/,,
exoshubgroup.com,https://exoshubgroup.com/about/,page,no,no,200,,,https://exoshubgroup.com/about/,0,,,,yes,0.536,no,https://exoshubgroup.com/about/,https://exoshubgroup.com/,
exoshubgroup.com,https://exoshubgroup.com/services/,page,no,no,200,,,https://exoshubgroup.com/services/,0,,,,yes,0.941,no,https://exoshubgroup.com/services/,https://exoshubgroup.com/ | https://exoshubgroup.com/about/,
exoshubgroup.com,https://exoshubgroup.com/contact-us/,page,no,no,200,,,https://exoshubgroup.com/contact-us/,0,,,,yes,0.941,no,https://exoshubgroup.com/contact-us/,https://exoshubgroup.com/ | https://exoshubgroup.com/about/ | https://exoshubgroup.com/services/,
exoshubgroup.com,https://exoshubgroup.com/contact,page,no,yes,200,,,https://exoshubgroup.com/contact-us/,1,attention,https://exoshubgroup.com/contact-us/,301 https://exoshubgroup.com/contact → https://exoshubgroup.com/contact-us/ | 200 https://exoshubgroup.com/contact-us/,yes,0.840,no,https://exoshubgroup.com/contact-us/,https://exoshubgroup.com/ | https://exoshubgroup.com/about/ | https://exoshubgroup.com/services/ | https://exoshubgroup.com/contact-us/,
exoshubgroup.com,https://exoshubgroup.com/wp-content/uploads/2026/09/bfd90925-d37c-43b0-82f4-def38afab5d4-removebg-preview-e1789565135493.png,asset,no,no,200,,,https://exoshubgroup.com/wp-content/uploads/2026/09/bfd90925-d37c-43b0-82f4-def38afab5d4-removebg-preview-e1789565135493.png,0,,,,yes,0.409,no,,https://exoshubgroup.com/ | https://exoshubgroup.com/about/ | https://exoshubgroup.com/services/ | https://exoshubgroup.com/contact-us/ | https://exoshubgroup.com/contact,
exoshubgroup.com,https://exoshubgroup.com/wp-content/uploads/2026/09/bfd90925-d37c-43b0-82f4-def38afab5d4-removebg-preview-e1789565135493-300x241.png,asset,no,no,200,,,https://exoshubgroup.com/wp-content/uploads/2026/09/bfd90925-d37c-43b0-82f4-def38afab5d4-removebg-preview-e1789565135493-300x241.png,0,,,,yes,0.762,no,,https://exoshubgroup.com/ | https://exoshubgroup.com/about/ | https://exoshubgroup.com/services/ | https://exoshubgroup.com/contact-us/ | https://exoshubgroup.com/contact,
exoshubgroup.com,https://exoshubgroup.com/wp-content/uploads/2026/09/ChatGPT-Image-Sep-8-2026-12_58_10-PM-1024x683.png,asset,no,no,200,,,https://exoshubgroup.com/wp-content/uploads/2026/09/ChatGPT-Image-Sep-8-2026-12_58_10-PM-1024x683.png,0,,,,yes,0.693,no,,https://exoshubgroup.com/,
exoshubgroup.com,https://exoshubgroup.com/wp-content/uploads/2026/09/ChatGPT-Image-Sep-8-2026-12_58_10-PM-768x512.png,asset,no,no,200,,,https://exoshubgroup.com/wp-content/uploads/2026/09/ChatGPT-Image-Sep-8-2026-12_58_10-PM-768x512.png,0,,,,yes,0.864,no,,https://exoshubgroup.com/,
exoshubgroup.com,https://exoshubgroup.com/wp-content/uploads/2026/09/white-logo-e1789568427118-1024x908.png,asset,no,no,200,,,https://exoshubgroup.com/wp-content/uploads/2026/09/white-logo-e1789568427118-1024x908.png,0,,,,yes,0.809,no,,https://exoshubgroup.com/ | https://exoshubgroup.com/about/ | https://exoshubgroup.com/services/ | https://exoshubgroup.com/contact-us/ | https://exoshubgroup.com/contact,
exoshubgroup.com,https://exoshubgroup.com/wp-content/uploads/2026/09/ChatGPT-Image-Sep-8-2026-12_58_10-PM.png,asset,no,no,200,,,https://exoshubgroup.com/wp-content/uploads/2026/09/ChatGPT-Image-Sep-8-2026-12_58_10-PM.png,0,,,,yes,1.199,no,,https://exoshubgroup.com/,
exoshubgroup.com,https://exoshubgroup.com/wp-content/uploads/2026/09/white-logo-e1789568427118-300x266.png,asset,no,no,200,,,https://exoshubgroup.com/wp-content/uploads/2026/09/white-logo-e1789568427118-300x266.png,0,,,,yes,0.926,no,,https://exoshubgroup.com/ | https://exoshubgroup.com/about/ | https://exoshubgroup.com/services/ | https://exoshubgroup.com/contact-us/ | https://exoshubgroup.com/contact,
exoshubgroup.com,https://exoshubgroup.com/wp-content/uploads/2026/09/white-logo-e1789568427118-768x681.png,asset,no,no,200,,,https://exoshubgroup.com/wp-content/uploads/2026/09/white-logo-e1789568427118-768x681.png,0,,,,yes,0.772,no,,https://exoshubgroup.com/ | https://exoshubgroup.com/about/ | https://exoshubgroup.com/services/ | https://exoshubgroup.com/contact-us/ | https://exoshubgroup.com/contact,
exoshubgroup.com,https://exoshubgroup.com/wp-content/uploads/2026/09/white-logo-e1789568427118.png,asset,no,no,200,,,https://exoshubgroup.com/wp-content/uploads/2026/09/white-logo-e1789568427118.png,0,,,,yes,0.783,no,,https://exoshubgroup.com/ | https://exoshubgroup.com/about/ | https://exoshubgroup.com/services/ | https://exoshubgroup.com/contact-us/ | https://exoshubgroup.com/contact,
exoshubgroup.com,https://exoshubgroup.com/wp-includes/js/jquery/jquery.min.js?ver=3.7.1,asset,no,no,200,,,https://exoshubgroup.com/wp-includes/js/jquery/jquery.min.js?ver=3.7.1,0,,,,yes,0.672,no,,https://exoshubgroup.com/ | https://exoshubgroup.com/about/ | https://exoshubgroup.com/services/ | https://exoshubgroup.com/contact-us/ | https://exoshubgroup.com/contact,
exoshubgroup.com,https://exoshubgroup.com/wp-includes/js/jquery/jquery-migrate.min.js?ver=3.4.1,asset,no,no,200,,,https://exoshubgroup.com/wp-includes/js/jquery/jquery-migrate.min.js?ver=3.4.1,0,,,,yes,0.628,no,,https://exoshubgroup.com/ | https://exoshubgroup.com/about/ | https://exoshubgroup.com/services/ | https://exoshubgroup.com/contact-us/ | https://exoshubgroup.com/contact,
exoshubgroup.com,https://exoshubgroup.com/wp-content/themes/hello-elementor/assets/js/hello-frontend.js?ver=3.5.1,asset,no,no,200,,,https://exoshubgroup.com/wp-content/themes/hello-elementor/assets/js/hello-frontend.js?ver=3.5.1,0,,,,yes,0.632,no,,https://exoshubgroup.com/ | https://exoshubgroup.com/about/ | https://exoshubgroup.com/services/ | https://exoshubgroup.com/contact-us/ | https://exoshubgroup.com/contact,
exoshubgroup.com,https://exoshubgroup.com/wp-content/plugins/elementor/assets/js/webpack.runtime.min.js?ver=4.3.2,asset,no,no,200,,,https://exoshubgroup.com/wp-content/plugins/elementor/assets/js/webpack.runtime.min.js?ver=4.3.2,0,,,,yes,0.655,no,,https://exoshubgroup.com/ | https://exoshubgroup.com/about/ | https://exoshubgroup.com/services/ | https://exoshubgroup.com/contact-us/ | https://exoshubgroup.com/contact,
exoshubgroup.com,https://exoshubgroup.com/wp-content/plugins/elementor/assets/js/frontend-modules.min.js?ver=4.3.2,asset,no,no,200,,,https://exoshubgroup.com/wp-content/plugins/elementor/assets/js/frontend-modules.min.js?ver=4.3.2,0,,,,yes,0.679,no,,https://exoshubgroup.com/ | https://exoshubgroup.com/about/ | https://exoshubgroup.com/services/ | https://exoshubgroup.com/contact-us/ | https://exoshubgroup.com/contact,
exoshubgroup.com,https://exoshubgroup.com/wp-includes/js/jquery/ui/core.min.js?ver=1.14.2,asset,no,no,200,,,https://exoshubgroup.com/wp-includes/js/jquery/ui/core.min.js?ver=1.14.2,0,,,,yes,0.631,no,,https://exoshubgroup.com/ | https://exoshubgroup.com/about/ | https://exoshubgroup.com/services/ | https://exoshubgroup.com/contact-us/ | https://exoshubgroup.com/contact,
exoshubgroup.com,https://exoshubgroup.com/wp-content/plugins/elementor/assets/js/frontend.min.js?ver=4.3.2,asset,no,no,200,,,https://exoshubgroup.com/wp-content/plugins/elementor/assets/js/frontend.min.js?ver=4.3.2,0,,,,yes,0.884,no,,https://exoshubgroup.com/ | https://exoshubgroup.com/about/ | https://exoshubgroup.com/services/ | https://exoshubgroup.com/contact-us/ | https://exoshubgroup.com/contact,
exoshubgroup.com,https://exoshubgroup.com/wp-content/plugins/elementor-pro/assets/lib/smartmenus/jquery.smartmenus.min.js?ver=1.2.1,asset,no,no,200,,,https://exoshubgroup.com/wp-content/plugins/elementor-pro/assets/lib/smartmenus/jquery.smartmenus.min.js?ver=1.2.1,0,,,,yes,0.635,no,,https://exoshubgroup.com/ | https://exoshubgroup.com/about/ | https://exoshubgroup.com/services/ | https://exoshubgroup.com/contact-us/ | https://exoshubgroup.com/contact,
exoshubgroup.com,https://exoshubgroup.com/wp-content/plugins/elementor-pro/assets/lib/sticky/jquery.sticky.min.js?ver=4.2.3,asset,no,no,200,,,https://exoshubgroup.com/wp-content/plugins/elementor-pro/assets/lib/sticky/jquery.sticky.min.js?ver=4.2.3,0,,,,yes,0.688,no,,https://exoshubgroup.com/ | https://exoshubgroup.com/about/ | https://exoshubgroup.com/services/ | https://exoshubgroup.com/contact-us/ | https://exoshubgroup.com/contact,
exoshubgroup.com,https://exoshubgroup.com/wp-content/plugins/elementor-pro/assets/js/webpack-pro.runtime.min.js?ver=4.2.3,asset,no,no,200,,,https://exoshubgroup.com/wp-content/plugins/elementor-pro/assets/js/webpack-pro.runtime.min.js?ver=4.2.3,0,,,,yes,0.710,no,,https://exoshubgroup.com/ | https://exoshubgroup.com/about/ | https://exoshubgroup.com/services/ | https://exoshubgroup.com/contact-us/ | https://exoshubgroup.com/contact,
exoshubgroup.com,https://exoshubgroup.com/wp-includes/js/dist/hooks.min.js?ver=f0f188028580e8dc1255,asset,no,no,200,,,https://exoshubgroup.com/wp-includes/js/dist/hooks.min.js?ver=f0f188028580e8dc1255,0,,,,yes,0.633,no,,https://exoshubgroup.com/ | https://exoshubgroup.com/about/ | https://exoshubgroup.com/services/ | https://exoshubgroup.com/contact-us/ | https://exoshubgroup.com/contact,
exoshubgroup.com,https://exoshubgroup.com/wp-includes/js/dist/i18n.min.js?ver=1dfe7db3940c23ea9216,asset,no,no,200,,,https://exoshubgroup.com/wp-includes/js/dist/i18n.min.js?ver=1dfe7db3940c23ea9216,0,,,,yes,0.686,no,,https://exoshubgroup.com/ | https://exoshubgroup.com/about/ | https://exoshubgroup.com/services/ | https://exoshubgroup.com/contact-us/ | https://exoshubgroup.com/contact,
exoshubgroup.com,https://exoshubgroup.com/wp-content/plugins/elementor-pro/assets/js/frontend.min.js?ver=4.2.3,asset,no,no,200,,,https://exoshubgroup.com/wp-content/plugins/elementor-pro/assets/js/frontend.min.js?ver=4.2.3,0,,,,yes,0.654,no,,https://exoshubgroup.com/ | https://exoshubgroup.com/about/ | https://exoshubgroup.com/services/ | https://exoshubgroup.com/contact-us/ | https://exoshubgroup.com/contact,
exoshubgroup.com,https://exoshubgroup.com/wp-content/plugins/elementor-pro/assets/js/elements-handlers.min.js?ver=4.2.3,asset,no,no,200,,,https://exoshubgroup.com/wp-content/plugins/elementor-pro/assets/js/elements-handlers.min.js?ver=4.2.3,0,,,,yes,0.671,no,,https://exoshubgroup.com/ | https://exoshubgroup.com/about/ | https://exoshubgroup.com/services/ | https://exoshubgroup.com/contact-us/ | https://exoshubgroup.com/contact,
exoshubgroup.com,https://exoshubgroup.com/wp-content/themes/hello-elementor/assets/css/reset.css?ver=3.5.1,asset,no,no,200,,,https://exoshubgroup.com/wp-content/themes/hello-elementor/assets/css/reset.css?ver=3.5.1,0,,,,yes,0.805,no,,https://exoshubgroup.com/ | https://exoshubgroup.com/about/ | https://exoshubgroup.com/services/ | https://exoshubgroup.com/contact-us/ | https://exoshubgroup.com/contact,
exoshubgroup.com,https://exoshubgroup.com/wp-content/themes/hello-elementor/assets/css/theme.css?ver=3.5.1,asset,no,no,200,,,https://exoshubgroup.com/wp-content/themes/hello-elementor/assets/css/theme.css?ver=3.5.1,0,,,,yes,0.978,no,,https://exoshubgroup.com/ | https://exoshubgroup.com/about/ | https://exoshubgroup.com/services/ | https://exoshubgroup.com/contact-us/ | https://exoshubgroup.com/contact,
exoshubgroup.com,https://exoshubgroup.com/wp-content/themes/hello-elementor/assets/css/header-footer.css?ver=3.5.1,asset,no,no,200,,,https://exoshubgroup.com/wp-content/themes/hello-elementor/assets/css/header-footer.css?ver=3.5.1,0,,,,yes,0.959,no,,https://exoshubgroup.com/ | https://exoshubgroup.com/about/ | https://exoshubgroup.com/services/ | https://exoshubgroup.com/contact-us/ | https://exoshubgroup.com/contact,
exoshubgroup.com,https://exoshubgroup.com/wp-content/plugins/elementor/assets/css/frontend.min.css?ver=4.3.2,asset,no,no,200,,,https://exoshubgroup.com/wp-content/plugins/elementor/assets/css/frontend.min.css?ver=4.3.2,0,,,,yes,0.699,no,,https://exoshubgroup.com/ | https://exoshubgroup.com/about/ | https://exoshubgroup.com/services/ | https://exoshubgroup.com/contact-us/ | https://exoshubgroup.com/contact,
exoshubgroup.com,https://exoshubgroup.com/wp-content/uploads/elementor/css/post-16.css?ver=1790409344,asset,no,no,200,,,https://exoshubgroup.com/wp-content/uploads/elementor/css/post-16.css?ver=1790409344,0,,,,yes,0.669,no,,https://exoshubgroup.com/ | https://exoshubgroup.com/about/ | https://exoshubgroup.com/services/ | https://exoshubgroup.com/contact-us/ | https://exoshubgroup.com/contact,
exoshubgroup.com,https://exoshubgroup.com/wp-content/plugins/elementor/assets/css/widget-icon-list.min.css?ver=4.3.2,asset,no,no,200,,,https://exoshubgroup.com/wp-content/plugins/elementor/assets/css/widget-icon-list.min.css?ver=4.3.2,0,,,,yes,0.636,no,,https://exoshubgroup.com/ | https://exoshubgroup.com/about/ | https://exoshubgroup.com/services/ | https://exoshubgroup.com/contact-us/ | https://exoshubgroup.com/contact,
exoshubgroup.com,https://exoshubgroup.com/wp-content/plugins/elementor/assets/css/widget-image.min.css?ver=4.3.2,asset,no,no,200,,,https://exoshubgroup.com/wp-content/plugins/elementor/assets/css/widget-image.min.css?ver=4.3.2,0,,,,yes,0.675,no,,https://exoshubgroup.com/ | https://exoshubgroup.com/about/ | https://exoshubgroup.com/services/ | https://exoshubgroup.com/contact-us/ | https://exoshubgroup.com/contact,
exoshubgroup.com,https://exoshubgroup.com/wp-content/plugins/elementor-pro/assets/css/widget-nav-menu.min.css?ver=4.2.3,asset,no,no,200,,,https://exoshubgroup.com/wp-content/plugins/elementor-pro/assets/css/widget-nav-menu.min.css?ver=4.2.3,0,,,,yes,0.676,no,,https://exoshubgroup.com/ | https://exoshubgroup.com/about/ | https://exoshubgroup.com/services/ | https://exoshubgroup.com/contact-us/ | https://exoshubgroup.com/contact,
exoshubgroup.com,https://exoshubgroup.com/wp-content/plugins/elementor-pro/assets/css/modules/sticky.min.css?ver=4.2.3,asset,no,no,200,,,https://exoshubgroup.com/wp-content/plugins/elementor-pro/assets/css/modules/sticky.min.css?ver=4.2.3,0,,,,yes,0.642,no,,https://exoshubgroup.com/ | https://exoshubgroup.com/about/ | https://exoshubgroup.com/services/ | https://exoshubgroup.com/contact-us/ | https://exoshubgroup.com/contact,
exoshubgroup.com,https://exoshubgroup.com/wp-content/plugins/elementor/assets/css/widget-heading.min.css?ver=4.3.2,asset,no,no,200,,,https://exoshubgroup.com/wp-content/plugins/elementor/assets/css/widget-heading.min.css?ver=4.3.2,0,,,,yes,0.665,no,,https://exoshubgroup.com/ | https://exoshubgroup.com/about/ | https://exoshubgroup.com/services/ | https://exoshubgroup.com/contact-us/ | https://exoshubgroup.com/contact,
exoshubgroup.com,https://exoshubgroup.com/wp-content/plugins/elementor/assets/css/widget-icon-box.min.css?ver=4.3.2,asset,no,no,200,,,https://exoshubgroup.com/wp-content/plugins/elementor/assets/css/widget-icon-box.min.css?ver=4.3.2,0,,,,yes,0.653,no,,https://exoshubgroup.com/ | https://exoshubgroup.com/services/,
exoshubgroup.com,https://exoshubgroup.com/wp-content/uploads/elementor/css/post-8.css?ver=1790409344,asset,no,no,200,,,https://exoshubgroup.com/wp-content/uploads/elementor/css/post-8.css?ver=1790409344,0,,,,yes,0.630,no,,https://exoshubgroup.com/,
exoshubgroup.com,https://exoshubgroup.com/wp-content/uploads/elementor/css/base-desktop.css?ver=6ab77a809ca49,asset,no,no,200,,,https://exoshubgroup.com/wp-content/uploads/elementor/css/base-desktop.css?ver=6ab77a809ca49,0,,,,yes,0.640,no,,https://exoshubgroup.com/ | https://exoshubgroup.com/about/ | https://exoshubgroup.com/services/ | https://exoshubgroup.com/contact-us/ | https://exoshubgroup.com/contact,
exoshubgroup.com,https://exoshubgroup.com/wp-content/uploads/elementor/css/base-mobile.css?ver=6ab77a809ca49,asset,no,no,200,,,https://exoshubgroup.com/wp-content/uploads/elementor/css/base-mobile.css?ver=6ab77a809ca49,0,,,,yes,0.644,no,,https://exoshubgroup.com/ | https://exoshubgroup.com/about/ | https://exoshubgroup.com/services/ | https://exoshubgroup.com/contact-us/ | https://exoshubgroup.com/contact,
exoshubgroup.com,https://exoshubgroup.com/wp-content/uploads/elementor/css/post-29.css?ver=1790409344,asset,no,no,200,,,https://exoshubgroup.com/wp-content/uploads/elementor/css/post-29.css?ver=1790409344,0,,,,yes,0.678,no,,https://exoshubgroup.com/ | https://exoshubgroup.com/about/ | https://exoshubgroup.com/services/ | https://exoshubgroup.com/contact-us/ | https://exoshubgroup.com/contact,
exoshubgroup.com,https://exoshubgroup.com/wp-content/uploads/elementor/css/post-52.css?ver=1790409344,asset,no,no,200,,,https://exoshubgroup.com/wp-content/uploads/elementor/css/post-52.css?ver=1790409344,0,,,,yes,0.641,no,,https://exoshubgroup.com/ | https://exoshubgroup.com/about/ | https://exoshubgroup.com/services/ | https://exoshubgroup.com/contact-us/ | https://exoshubgroup.com/contact,
exoshubgroup.com,https://exoshubgroup.com/wp-content/uploads/2026/09/ChatGPT-Image-Sep-8-2026-12_52_02-PM-1024x683.png,asset,no,no,200,,,https://exoshubgroup.com/wp-content/uploads/2026/09/ChatGPT-Image-Sep-8-2026-12_52_02-PM-1024x683.png,0,,,,yes,0.841,no,,https://exoshubgroup.com/about/,
exoshubgroup.com,https://exoshubgroup.com/wp-content/uploads/2026/09/ChatGPT-Image-Sep-8-2026-12_52_02-PM-300x200.png,asset,no,no,200,,,https://exoshubgroup.com/wp-content/uploads/2026/09/ChatGPT-Image-Sep-8-2026-12_52_02-PM-300x200.png,0,,,,yes,0.722,no,,https://exoshubgroup.com/about/,
exoshubgroup.com,https://exoshubgroup.com/wp-content/uploads/elementor/css/post-9.css?ver=1790675142,asset,no,no,200,,,https://exoshubgroup.com/wp-content/uploads/elementor/css/post-9.css?ver=1790675142,0,,,,yes,0.642,no,,https://exoshubgroup.com/about/,
exoshubgroup.com,https://exoshubgroup.com/wp-content/uploads/2026/09/ChatGPT-Image-Sep-8-2026-12_52_02-PM-768x512.png,asset,no,no,200,,,https://exoshubgroup.com/wp-content/uploads/2026/09/ChatGPT-Image-Sep-8-2026-12_52_02-PM-768x512.png,0,,,,yes,1.288,no,,https://exoshubgroup.com/about/,
exoshubgroup.com,https://exoshubgroup.com/wp-content/uploads/2026/09/ChatGPT-Image-Sep-8-2026-12_52_02-PM.png,asset,no,no,200,,,https://exoshubgroup.com/wp-content/uploads/2026/09/ChatGPT-Image-Sep-8-2026-12_52_02-PM.png,0,,,,yes,0.994,no,,https://exoshubgroup.com/about/,
exoshubgroup.com,https://exoshubgroup.com/wp-content/uploads/elementor/css/post-11.css?ver=1790424415,asset,no,no,200,,,https://exoshubgroup.com/wp-content/uploads/elementor/css/post-11.css?ver=1790424415,0,,,,yes,0.639,no,,https://exoshubgroup.com/services/,
exoshubgroup.com,https://exoshubgroup.com/wp-content/plugins/elementor-pro/assets/css/widget-form.min.css?ver=4.2.3,asset,no,no,200,,,https://exoshubgroup.com/wp-content/plugins/elementor-pro/assets/css/widget-form.min.css?ver=4.2.3,0,,,,yes,0.649,no,,https://exoshubgroup.com/contact-us/ | https://exoshubgroup.com/contact,
exoshubgroup.com,https://exoshubgroup.com/wp-content/plugins/elementor/assets/css/widget-google_maps.min.css?ver=4.3.2,asset,no,no,200,,,https://exoshubgroup.com/wp-content/plugins/elementor/assets/css/widget-google_maps.min.css?ver=4.3.2,0,,,,yes,0.656,no,,https://exoshubgroup.com/contact-us/ | https://exoshubgroup.com/contact,
exoshubgroup.com,https://exoshubgroup.com/wp-content/uploads/elementor/css/post-10.css?ver=1790465275,asset,no,no,200,,,https://exoshubgroup.com/wp-content/uploads/elementor/css/post-10.css?ver=1790465275,0,,,,yes,0.678,no,,https://exoshubgroup.com/contact-us/ | https://exoshubgroup.com/contact,
exoshubgroup.com,https://exoshubgroup.com/wp-content/uploads/2026/09/ChatGPT-Image-Sep-8-2026-12_58_10-PM-300x200.png,asset,no,no,200,,,https://exoshubgroup.com/wp-content/uploads/2026/09/ChatGPT-Image-Sep-8-2026-12_58_10-PM-300x200.png,0,,,,yes,0.749,no,,https://exoshubgroup.com/,
